node_id,chain,residue,system
1,A,277,7LP9
2,A,278,7LP9
3,A,279,7LP9
4,A,280,7LP9
5,A,281,7LP9
6,A,282,7LP9
7,A,283,7LP9
8,A,284,7LP9
9,A,285,7LP9
10,A,286,7LP9
11,A,287,7LP9
12,A,288,7LP9
13,A,289,7LP9
14,A,290,7LP9
15,A,291,7LP9
16,A,292,7LP9
17,A,293,7LP9
18,A,294,7LP9
19,A,295,7LP9
20,A,296,7LP9
21,A,297,7LP9
22,A,298,7LP9
23,A,299,7LP9
24,A,300,7LP9
25,A,301,7LP9
26,A,302,7LP9
27,A,303,7LP9
28,A,304,7LP9
29,A,305,7LP9
30,A,306,7LP9
31,A,307,7LP9
32,A,308,7LP9
33,A,309,7LP9
34,A,310,7LP9
35,A,311,7LP9
36,A,312,7LP9
37,A,313,7LP9
38,A,314,7LP9
39,A,315,7LP9
40,A,316,7LP9
41,A,317,7LP9
42,A,318,7LP9
43,A,319,7LP9
44,A,320,7LP9
45,A,321,7LP9
46,A,322,7LP9
47,A,323,7LP9
48,A,324,7LP9
49,A,325,7LP9
50,A,326,7LP9
51,A,327,7LP9
52,A,328,7LP9
53,A,329,7LP9
54,A,330,7LP9
55,A,331,7LP9
56,A,332,7LP9
57,A,333,7LP9
58,A,334,7LP9
59,A,335,7LP9
60,A,336,7LP9
61,A,337,7LP9
62,A,338,7LP9
63,A,339,7LP9
64,A,340,7LP9
65,A,341,7LP9
66,A,342,7LP9
67,A,343,7LP9
68,A,344,7LP9
69,A,345,7LP9
70,A,346,7LP9
71,A,347,7LP9
72,A,348,7LP9
73,A,349,7LP9
74,A,350,7LP9
75,A,351,7LP9
76,A,352,7LP9
77,A,353,7LP9
78,A,354,7LP9
79,A,355,7LP9
80,A,356,7LP9
81,A,357,7LP9
82,A,358,7LP9
83,A,359,7LP9
84,A,360,7LP9
85,A,361,7LP9
86,A,362,7LP9
87,A,363,7LP9
88,A,364,7LP9
89,A,365,7LP9
90,A,366,7LP9
91,A,367,7LP9
92,A,368,7LP9
93,A,369,7LP9
94,A,370,7LP9
95,A,371,7LP9
96,A,372,7LP9
97,A,373,7LP9
98,A,374,7LP9
99,A,375,7LP9
100,A,376,7LP9
101,A,377,7LP9
102,A,378,7LP9
103,A,379,7LP9
104,A,380,7LP9
105,A,381,7LP9
106,A,382,7LP9
107,A,383,7LP9
108,A,384,7LP9
109,A,385,7LP9
110,A,386,7LP9
111,A,387,7LP9
112,A,388,7LP9
113,A,389,7LP9
114,A,390,7LP9
115,A,391,7LP9
116,A,392,7LP9
117,A,393,7LP9
118,A,394,7LP9
119,A,395,7LP9
120,A,396,7LP9
121,A,397,7LP9
122,A,398,7LP9
123,A,399,7LP9
124,A,400,7LP9
125,A,401,7LP9
126,A,402,7LP9
127,A,403,7LP9
128,A,404,7LP9
129,A,405,7LP9
130,A,406,7LP9
131,A,407,7LP9
132,A,408,7LP9
133,A,409,7LP9
134,A,410,7LP9
135,A,411,7LP9
136,A,412,7LP9
137,A,413,7LP9
138,A,414,7LP9
139,A,415,7LP9
140,A,416,7LP9
141,A,417,7LP9
142,A,418,7LP9
143,A,419,7LP9
144,A,420,7LP9
145,A,421,7LP9
146,A,422,7LP9
147,A,423,7LP9
148,A,424,7LP9
149,A,425,7LP9
150,A,426,7LP9
151,A,427,7LP9
152,A,428,7LP9
153,A,429,7LP9
154,A,430,7LP9
155,A,431,7LP9
156,A,432,7LP9
157,A,433,7LP9
158,A,434,7LP9
159,A,435,7LP9
160,A,436,7LP9
161,A,437,7LP9
162,A,438,7LP9
163,A,439,7LP9
164,A,440,7LP9
165,A,441,7LP9
166,A,442,7LP9
167,A,443,7LP9
168,A,444,7LP9
169,A,445,7LP9
170,A,446,7LP9
171,A,447,7LP9
172,A,448,7LP9
173,A,449,7LP9
174,A,450,7LP9
175,A,451,7LP9
176,A,452,7LP9
177,A,453,7LP9
178,A,454,7LP9
179,A,455,7LP9
180,A,456,7LP9
181,A,457,7LP9
182,A,458,7LP9
183,A,459,7LP9
184,A,460,7LP9
185,A,461,7LP9
186,A,462,7LP9
187,A,463,7LP9
188,A,464,7LP9
189,A,465,7LP9
190,A,466,7LP9
191,A,467,7LP9
192,A,468,7LP9
193,A,469,7LP9
194,A,470,7LP9
195,A,471,7LP9
196,A,472,7LP9
197,A,473,7LP9
198,A,474,7LP9
199,A,475,7LP9
200,A,476,7LP9
201,A,477,7LP9
202,A,478,7LP9
203,A,479,7LP9
204,A,480,7LP9
205,A,481,7LP9
206,A,482,7LP9
207,A,483,7LP9
208,A,484,7LP9
209,A,485,7LP9
210,A,486,7LP9
211,A,487,7LP9
212,A,488,7LP9
213,A,489,7LP9
214,A,490,7LP9
215,A,491,7LP9
216,A,492,7LP9
217,A,493,7LP9
218,A,494,7LP9
219,A,495,7LP9
220,A,496,7LP9
221,A,497,7LP9
222,A,498,7LP9
223,A,499,7LP9
224,A,500,7LP9
225,A,501,7LP9
226,A,502,7LP9
227,A,503,7LP9
228,A,504,7LP9
229,A,505,7LP9
230,A,506,7LP9
231,A,507,7LP9
232,A,508,7LP9
233,A,509,7LP9
234,A,510,7LP9
235,A,511,7LP9
236,A,512,7LP9
237,A,513,7LP9
238,A,514,7LP9
239,A,515,7LP9
240,A,516,7LP9
241,A,517,7LP9
242,A,518,7LP9
243,A,519,7LP9
244,A,520,7LP9
245,A,521,7LP9
246,A,522,7LP9
247,A,523,7LP9
248,A,524,7LP9
249,A,525,7LP9
250,A,526,7LP9
251,A,527,7LP9
252,A,528,7LP9
253,A,529,7LP9
254,A,530,7LP9
255,A,531,7LP9
256,A,532,7LP9
257,A,533,7LP9
258,A,534,7LP9
259,A,535,7LP9
260,A,536,7LP9
261,A,537,7LP9
262,A,538,7LP9
263,A,539,7LP9
264,A,540,7LP9
265,A,541,7LP9
266,A,542,7LP9
267,A,543,7LP9
268,A,544,7LP9
269,A,545,7LP9
270,A,546,7LP9
271,A,547,7LP9
272,A,548,7LP9
273,A,549,7LP9
274,A,550,7LP9
275,A,551,7LP9
276,A,552,7LP9
277,A,553,7LP9
278,A,554,7LP9
279,A,555,7LP9
280,A,556,7LP9
281,A,557,7LP9
282,A,558,7LP9
283,A,559,7LP9
284,A,560,7LP9
285,A,561,7LP9
286,A,562,7LP9
287,A,563,7LP9
288,A,564,7LP9
289,A,565,7LP9
290,A,566,7LP9
291,A,567,7LP9
292,A,568,7LP9
293,A,569,7LP9
294,A,570,7LP9
295,A,571,7LP9
296,A,572,7LP9
297,A,573,7LP9
298,A,574,7LP9
299,A,575,7LP9
300,A,576,7LP9
301,A,577,7LP9
302,A,578,7LP9
303,A,579,7LP9
304,A,580,7LP9
305,A,581,7LP9
306,A,582,7LP9
307,A,583,7LP9
308,A,584,7LP9
309,A,585,7LP9
310,A,586,7LP9
311,A,587,7LP9
312,A,588,7LP9
313,A,589,7LP9
314,A,590,7LP9
315,A,591,7LP9
316,A,592,7LP9
317,A,593,7LP9
318,A,594,7LP9
319,A,595,7LP9
320,A,596,7LP9
321,A,597,7LP9
322,A,598,7LP9
323,A,599,7LP9
324,A,600,7LP9
325,A,601,7LP9
326,A,602,7LP9
327,A,625,7LP9
328,A,626,7LP9
329,A,627,7LP9
330,A,628,7LP9
331,A,629,7LP9
332,A,630,7LP9
333,A,631,7LP9
334,A,632,7LP9
335,A,633,7LP9
336,A,634,7LP9
337,A,635,7LP9
338,A,636,7LP9
339,A,637,7LP9
340,A,638,7LP9
341,A,639,7LP9
342,A,640,7LP9
343,A,641,7LP9
344,A,642,7LP9
345,A,643,7LP9
346,A,644,7LP9
347,A,645,7LP9
348,A,646,7LP9
349,A,647,7LP9
350,A,648,7LP9
351,A,649,7LP9
352,A,650,7LP9
353,A,651,7LP9
354,A,652,7LP9
355,A,653,7LP9
356,A,654,7LP9
357,A,655,7LP9
358,A,656,7LP9
359,A,657,7LP9
360,A,658,7LP9
361,A,659,7LP9
362,A,660,7LP9
363,A,661,7LP9
364,A,662,7LP9
365,A,663,7LP9
366,A,664,7LP9
367,A,665,7LP9
368,A,666,7LP9
369,A,667,7LP9
370,A,668,7LP9
371,A,669,7LP9
372,A,670,7LP9
373,A,671,7LP9
374,A,672,7LP9
375,A,673,7LP9
376,A,674,7LP9
377,A,675,7LP9
378,A,676,7LP9
379,A,677,7LP9
380,A,678,7LP9
381,A,679,7LP9
382,A,680,7LP9
383,A,681,7LP9
384,A,682,7LP9
385,A,683,7LP9
386,A,684,7LP9
387,A,685,7LP9
388,A,686,7LP9
389,A,687,7LP9
390,A,688,7LP9
391,A,689,7LP9
392,A,690,7LP9
393,A,691,7LP9
394,A,692,7LP9
395,A,693,7LP9
396,A,694,7LP9
397,A,695,7LP9
398,A,696,7LP9
399,A,697,7LP9
400,A,698,7LP9
401,A,699,7LP9
402,A,700,7LP9
403,A,701,7LP9
404,A,702,7LP9
405,A,703,7LP9
406,A,704,7LP9
407,A,705,7LP9
408,A,706,7LP9
409,A,707,7LP9
410,A,708,7LP9
411,A,709,7LP9
412,A,710,7LP9
413,A,711,7LP9
414,A,712,7LP9
415,A,713,7LP9
416,A,714,7LP9
417,A,715,7LP9
418,A,716,7LP9
419,A,717,7LP9
420,A,718,7LP9
421,A,719,7LP9
422,A,720,7LP9
423,A,721,7LP9
424,A,722,7LP9
425,A,723,7LP9
426,A,724,7LP9
427,A,725,7LP9
428,A,726,7LP9
429,A,727,7LP9
430,A,728,7LP9
431,A,729,7LP9
432,A,730,7LP9
433,A,731,7LP9
434,A,732,7LP9
435,A,733,7LP9
436,A,734,7LP9
437,A,735,7LP9
438,A,736,7LP9
439,A,737,7LP9
440,A,738,7LP9
441,A,739,7LP9
442,A,740,7LP9
443,A,741,7LP9
444,A,742,7LP9
445,A,743,7LP9
446,A,744,7LP9
447,A,745,7LP9
448,A,746,7LP9
449,A,747,7LP9
450,A,748,7LP9
451,A,749,7LP9
452,A,750,7LP9
453,A,751,7LP9
454,A,752,7LP9
455,B,277,7LP9
456,B,278,7LP9
457,B,279,7LP9
458,B,280,7LP9
459,B,281,7LP9
460,B,282,7LP9
461,B,283,7LP9
462,B,284,7LP9
463,B,285,7LP9
464,B,286,7LP9
465,B,287,7LP9
466,B,288,7LP9
467,B,289,7LP9
468,B,290,7LP9
469,B,291,7LP9
470,B,292,7LP9
471,B,293,7LP9
472,B,294,7LP9
473,B,295,7LP9
474,B,296,7LP9
475,B,297,7LP9
476,B,298,7LP9
477,B,299,7LP9
478,B,300,7LP9
479,B,301,7LP9
480,B,302,7LP9
481,B,303,7LP9
482,B,304,7LP9
483,B,305,7LP9
484,B,306,7LP9
485,B,307,7LP9
486,B,308,7LP9
487,B,309,7LP9
488,B,310,7LP9
489,B,311,7LP9
490,B,312,7LP9
491,B,313,7LP9
492,B,314,7LP9
493,B,315,7LP9
494,B,316,7LP9
495,B,317,7LP9
496,B,318,7LP9
497,B,319,7LP9
498,B,320,7LP9
499,B,321,7LP9
500,B,322,7LP9
501,B,323,7LP9
502,B,324,7LP9
503,B,325,7LP9
504,B,326,7LP9
505,B,327,7LP9
506,B,328,7LP9
507,B,329,7LP9
508,B,330,7LP9
509,B,331,7LP9
510,B,332,7LP9
511,B,333,7LP9
512,B,334,7LP9
513,B,335,7LP9
514,B,336,7LP9
515,B,337,7LP9
516,B,338,7LP9
517,B,339,7LP9
518,B,340,7LP9
519,B,341,7LP9
520,B,342,7LP9
521,B,343,7LP9
522,B,344,7LP9
523,B,345,7LP9
524,B,346,7LP9
525,B,347,7LP9
526,B,348,7LP9
527,B,349,7LP9
528,B,350,7LP9
529,B,351,7LP9
530,B,352,7LP9
531,B,353,7LP9
532,B,354,7LP9
533,B,355,7LP9
534,B,356,7LP9
535,B,357,7LP9
536,B,358,7LP9
537,B,359,7LP9
538,B,360,7LP9
539,B,361,7LP9
540,B,362,7LP9
541,B,363,7LP9
542,B,364,7LP9
543,B,365,7LP9
544,B,366,7LP9
545,B,367,7LP9
546,B,368,7LP9
547,B,369,7LP9
548,B,370,7LP9
549,B,371,7LP9
550,B,372,7LP9
551,B,373,7LP9
552,B,374,7LP9
553,B,375,7LP9
554,B,376,7LP9
555,B,377,7LP9
556,B,378,7LP9
557,B,379,7LP9
558,B,380,7LP9
559,B,381,7LP9
560,B,382,7LP9
561,B,383,7LP9
562,B,384,7LP9
563,B,385,7LP9
564,B,386,7LP9
565,B,387,7LP9
566,B,388,7LP9
567,B,389,7LP9
568,B,390,7LP9
569,B,391,7LP9
570,B,392,7LP9
571,B,393,7LP9
572,B,394,7LP9
573,B,395,7LP9
574,B,396,7LP9
575,B,397,7LP9
576,B,398,7LP9
577,B,399,7LP9
578,B,400,7LP9
579,B,401,7LP9
580,B,402,7LP9
581,B,403,7LP9
582,B,404,7LP9
583,B,405,7LP9
584,B,406,7LP9
585,B,407,7LP9
586,B,408,7LP9
587,B,409,7LP9
588,B,410,7LP9
589,B,411,7LP9
590,B,412,7LP9
591,B,413,7LP9
592,B,414,7LP9
593,B,415,7LP9
594,B,416,7LP9
595,B,417,7LP9
596,B,418,7LP9
597,B,419,7LP9
598,B,420,7LP9
599,B,421,7LP9
600,B,422,7LP9
601,B,423,7LP9
602,B,424,7LP9
603,B,425,7LP9
604,B,426,7LP9
605,B,427,7LP9
606,B,428,7LP9
607,B,429,7LP9
608,B,430,7LP9
609,B,431,7LP9
610,B,432,7LP9
611,B,433,7LP9
612,B,434,7LP9
613,B,435,7LP9
614,B,436,7LP9
615,B,437,7LP9
616,B,438,7LP9
617,B,439,7LP9
618,B,440,7LP9
619,B,441,7LP9
620,B,442,7LP9
621,B,443,7LP9
622,B,444,7LP9
623,B,445,7LP9
624,B,446,7LP9
625,B,447,7LP9
626,B,448,7LP9
627,B,449,7LP9
628,B,450,7LP9
629,B,451,7LP9
630,B,452,7LP9
631,B,453,7LP9
632,B,454,7LP9
633,B,455,7LP9
634,B,456,7LP9
635,B,457,7LP9
636,B,458,7LP9
637,B,459,7LP9
638,B,460,7LP9
639,B,461,7LP9
640,B,462,7LP9
641,B,463,7LP9
642,B,464,7LP9
643,B,465,7LP9
644,B,466,7LP9
645,B,467,7LP9
646,B,468,7LP9
647,B,469,7LP9
648,B,470,7LP9
649,B,471,7LP9
650,B,472,7LP9
651,B,473,7LP9
652,B,474,7LP9
653,B,475,7LP9
654,B,476,7LP9
655,B,477,7LP9
656,B,478,7LP9
657,B,479,7LP9
658,B,480,7LP9
659,B,481,7LP9
660,B,482,7LP9
661,B,483,7LP9
662,B,484,7LP9
663,B,485,7LP9
664,B,486,7LP9
665,B,487,7LP9
666,B,488,7LP9
667,B,489,7LP9
668,B,490,7LP9
669,B,491,7LP9
670,B,492,7LP9
671,B,493,7LP9
672,B,494,7LP9
673,B,495,7LP9
674,B,496,7LP9
675,B,497,7LP9
676,B,498,7LP9
677,B,499,7LP9
678,B,500,7LP9
679,B,501,7LP9
680,B,502,7LP9
681,B,503,7LP9
682,B,504,7LP9
683,B,505,7LP9
684,B,506,7LP9
685,B,507,7LP9
686,B,508,7LP9
687,B,509,7LP9
688,B,510,7LP9
689,B,511,7LP9
690,B,512,7LP9
691,B,513,7LP9
692,B,514,7LP9
693,B,515,7LP9
694,B,516,7LP9
695,B,517,7LP9
696,B,518,7LP9
697,B,519,7LP9
698,B,520,7LP9
699,B,521,7LP9
700,B,522,7LP9
701,B,523,7LP9
702,B,524,7LP9
703,B,525,7LP9
704,B,526,7LP9
705,B,527,7LP9
706,B,528,7LP9
707,B,529,7LP9
708,B,530,7LP9
709,B,531,7LP9
710,B,532,7LP9
711,B,533,7LP9
712,B,534,7LP9
713,B,535,7LP9
714,B,536,7LP9
715,B,537,7LP9
716,B,538,7LP9
717,B,539,7LP9
718,B,540,7LP9
719,B,541,7LP9
720,B,542,7LP9
721,B,543,7LP9
722,B,544,7LP9
723,B,545,7LP9
724,B,546,7LP9
725,B,547,7LP9
726,B,548,7LP9
727,B,549,7LP9
728,B,550,7LP9
729,B,551,7LP9
730,B,552,7LP9
731,B,553,7LP9
732,B,554,7LP9
733,B,555,7LP9
734,B,556,7LP9
735,B,557,7LP9
736,B,558,7LP9
737,B,559,7LP9
738,B,560,7LP9
739,B,561,7LP9
740,B,562,7LP9
741,B,563,7LP9
742,B,564,7LP9
743,B,565,7LP9
744,B,566,7LP9
745,B,567,7LP9
746,B,568,7LP9
747,B,569,7LP9
748,B,570,7LP9
749,B,571,7LP9
750,B,572,7LP9
751,B,573,7LP9
752,B,574,7LP9
753,B,575,7LP9
754,B,576,7LP9
755,B,577,7LP9
756,B,578,7LP9
757,B,579,7LP9
758,B,580,7LP9
759,B,581,7LP9
760,B,582,7LP9
761,B,583,7LP9
762,B,584,7LP9
763,B,585,7LP9
764,B,586,7LP9
765,B,587,7LP9
766,B,588,7LP9
767,B,589,7LP9
768,B,590,7LP9
769,B,591,7LP9
770,B,592,7LP9
771,B,593,7LP9
772,B,594,7LP9
773,B,595,7LP9
774,B,596,7LP9
775,B,597,7LP9
776,B,598,7LP9
777,B,599,7LP9
778,B,600,7LP9
779,B,601,7LP9
780,B,602,7LP9
781,B,625,7LP9
782,B,626,7LP9
783,B,627,7LP9
784,B,628,7LP9
785,B,629,7LP9
786,B,630,7LP9
787,B,631,7LP9
788,B,632,7LP9
789,B,633,7LP9
790,B,634,7LP9
791,B,635,7LP9
792,B,636,7LP9
793,B,637,7LP9
794,B,638,7LP9
795,B,639,7LP9
796,B,640,7LP9
797,B,641,7LP9
798,B,642,7LP9
799,B,643,7LP9
800,B,644,7LP9
801,B,645,7LP9
802,B,646,7LP9
803,B,647,7LP9
804,B,648,7LP9
805,B,649,7LP9
806,B,650,7LP9
807,B,651,7LP9
808,B,652,7LP9
809,B,653,7LP9
810,B,654,7LP9
811,B,655,7LP9
812,B,656,7LP9
813,B,657,7LP9
814,B,658,7LP9
815,B,659,7LP9
816,B,660,7LP9
817,B,661,7LP9
818,B,662,7LP9
819,B,663,7LP9
820,B,664,7LP9
821,B,665,7LP9
822,B,666,7LP9
823,B,667,7LP9
824,B,668,7LP9
825,B,669,7LP9
826,B,670,7LP9
827,B,671,7LP9
828,B,672,7LP9
829,B,673,7LP9
830,B,674,7LP9
831,B,675,7LP9
832,B,676,7LP9
833,B,677,7LP9
834,B,678,7LP9
835,B,679,7LP9
836,B,680,7LP9
837,B,681,7LP9
838,B,682,7LP9
839,B,683,7LP9
840,B,684,7LP9
841,B,685,7LP9
842,B,686,7LP9
843,B,687,7LP9
844,B,688,7LP9
845,B,689,7LP9
846,B,690,7LP9
847,B,691,7LP9
848,B,692,7LP9
849,B,693,7LP9
850,B,694,7LP9
851,B,695,7LP9
852,B,696,7LP9
853,B,697,7LP9
854,B,698,7LP9
855,B,699,7LP9
856,B,700,7LP9
857,B,701,7LP9
858,B,702,7LP9
859,B,703,7LP9
860,B,704,7LP9
861,B,705,7LP9
862,B,706,7LP9
863,B,707,7LP9
864,B,708,7LP9
865,B,709,7LP9
866,B,710,7LP9
867,B,711,7LP9
868,B,712,7LP9
869,B,713,7LP9
870,B,714,7LP9
871,B,715,7LP9
872,B,716,7LP9
873,B,717,7LP9
874,B,718,7LP9
875,B,719,7LP9
876,B,720,7LP9
877,B,721,7LP9
878,B,722,7LP9
879,B,723,7LP9
880,B,724,7LP9
881,B,725,7LP9
882,B,726,7LP9
883,B,727,7LP9
884,B,728,7LP9
885,B,729,7LP9
886,B,730,7LP9
887,B,731,7LP9
888,B,732,7LP9
889,B,733,7LP9
890,B,734,7LP9
891,B,735,7LP9
892,B,736,7LP9
893,B,737,7LP9
894,B,738,7LP9
895,B,739,7LP9
896,B,740,7LP9
897,B,741,7LP9
898,B,742,7LP9
899,B,743,7LP9
900,B,744,7LP9
901,B,745,7LP9
902,B,746,7LP9
903,B,747,7LP9
904,B,748,7LP9
905,B,749,7LP9
906,B,750,7LP9
907,B,751,7LP9
908,B,752,7LP9
909,C,277,7LP9
910,C,278,7LP9
911,C,279,7LP9
912,C,280,7LP9
913,C,281,7LP9
914,C,282,7LP9
915,C,283,7LP9
916,C,284,7LP9
917,C,285,7LP9
918,C,286,7LP9
919,C,287,7LP9
920,C,288,7LP9
921,C,289,7LP9
922,C,290,7LP9
923,C,291,7LP9
924,C,292,7LP9
925,C,293,7LP9
926,C,294,7LP9
927,C,295,7LP9
928,C,296,7LP9
929,C,297,7LP9
930,C,298,7LP9
931,C,299,7LP9
932,C,300,7LP9
933,C,301,7LP9
934,C,302,7LP9
935,C,303,7LP9
936,C,304,7LP9
937,C,305,7LP9
938,C,306,7LP9
939,C,307,7LP9
940,C,308,7LP9
941,C,309,7LP9
942,C,310,7LP9
943,C,311,7LP9
944,C,312,7LP9
945,C,313,7LP9
946,C,314,7LP9
947,C,315,7LP9
948,C,316,7LP9
949,C,317,7LP9
950,C,318,7LP9
951,C,319,7LP9
952,C,320,7LP9
953,C,321,7LP9
954,C,322,7LP9
955,C,323,7LP9
956,C,324,7LP9
957,C,325,7LP9
958,C,326,7LP9
959,C,327,7LP9
960,C,328,7LP9
961,C,329,7LP9
962,C,330,7LP9
963,C,331,7LP9
964,C,332,7LP9
965,C,333,7LP9
966,C,334,7LP9
967,C,335,7LP9
968,C,336,7LP9
969,C,337,7LP9
970,C,338,7LP9
971,C,339,7LP9
972,C,340,7LP9
973,C,341,7LP9
974,C,342,7LP9
975,C,343,7LP9
976,C,344,7LP9
977,C,345,7LP9
978,C,346,7LP9
979,C,347,7LP9
980,C,348,7LP9
981,C,349,7LP9
982,C,350,7LP9
983,C,351,7LP9
984,C,352,7LP9
985,C,353,7LP9
986,C,354,7LP9
987,C,355,7LP9
988,C,356,7LP9
989,C,357,7LP9
990,C,358,7LP9
991,C,359,7LP9
992,C,360,7LP9
993,C,361,7LP9
994,C,362,7LP9
995,C,363,7LP9
996,C,364,7LP9
997,C,365,7LP9
998,C,366,7LP9
999,C,367,7LP9
1000,C,368,7LP9
1001,C,369,7LP9
1002,C,370,7LP9
1003,C,371,7LP9
1004,C,372,7LP9
1005,C,373,7LP9
1006,C,374,7LP9
1007,C,375,7LP9
1008,C,376,7LP9
1009,C,377,7LP9
1010,C,378,7LP9
1011,C,379,7LP9
1012,C,380,7LP9
1013,C,381,7LP9
1014,C,382,7LP9
1015,C,383,7LP9
1016,C,384,7LP9
1017,C,385,7LP9
1018,C,386,7LP9
1019,C,387,7LP9
1020,C,388,7LP9
1021,C,389,7LP9
1022,C,390,7LP9
1023,C,391,7LP9
1024,C,392,7LP9
1025,C,393,7LP9
1026,C,394,7LP9
1027,C,395,7LP9
1028,C,396,7LP9
1029,C,397,7LP9
1030,C,398,7LP9
1031,C,399,7LP9
1032,C,400,7LP9
1033,C,401,7LP9
1034,C,402,7LP9
1035,C,403,7LP9
1036,C,404,7LP9
1037,C,405,7LP9
1038,C,406,7LP9
1039,C,407,7LP9
1040,C,408,7LP9
1041,C,409,7LP9
1042,C,410,7LP9
1043,C,411,7LP9
1044,C,412,7LP9
1045,C,413,7LP9
1046,C,414,7LP9
1047,C,415,7LP9
1048,C,416,7LP9
1049,C,417,7LP9
1050,C,418,7LP9
1051,C,419,7LP9
1052,C,420,7LP9
1053,C,421,7LP9
1054,C,422,7LP9
1055,C,423,7LP9
1056,C,424,7LP9
1057,C,425,7LP9
1058,C,426,7LP9
1059,C,427,7LP9
1060,C,428,7LP9
1061,C,429,7LP9
1062,C,430,7LP9
1063,C,431,7LP9
1064,C,432,7LP9
1065,C,433,7LP9
1066,C,434,7LP9
1067,C,435,7LP9
1068,C,436,7LP9
1069,C,437,7LP9
1070,C,438,7LP9
1071,C,439,7LP9
1072,C,440,7LP9
1073,C,441,7LP9
1074,C,442,7LP9
1075,C,443,7LP9
1076,C,444,7LP9
1077,C,445,7LP9
1078,C,446,7LP9
1079,C,447,7LP9
1080,C,448,7LP9
1081,C,449,7LP9
1082,C,450,7LP9
1083,C,451,7LP9
1084,C,452,7LP9
1085,C,453,7LP9
1086,C,454,7LP9
1087,C,455,7LP9
1088,C,456,7LP9
1089,C,457,7LP9
1090,C,458,7LP9
1091,C,459,7LP9
1092,C,460,7LP9
1093,C,461,7LP9
1094,C,462,7LP9
1095,C,463,7LP9
1096,C,464,7LP9
1097,C,465,7LP9
1098,C,466,7LP9
1099,C,467,7LP9
1100,C,468,7LP9
1101,C,469,7LP9
1102,C,470,7LP9
1103,C,471,7LP9
1104,C,472,7LP9
1105,C,473,7LP9
1106,C,474,7LP9
1107,C,475,7LP9
1108,C,476,7LP9
1109,C,477,7LP9
1110,C,478,7LP9
1111,C,479,7LP9
1112,C,480,7LP9
1113,C,481,7LP9
1114,C,482,7LP9
1115,C,483,7LP9
1116,C,484,7LP9
1117,C,485,7LP9
1118,C,486,7LP9
1119,C,487,7LP9
1120,C,488,7LP9
1121,C,489,7LP9
1122,C,490,7LP9
1123,C,491,7LP9
1124,C,492,7LP9
1125,C,493,7LP9
1126,C,494,7LP9
1127,C,495,7LP9
1128,C,496,7LP9
1129,C,497,7LP9
1130,C,498,7LP9
1131,C,499,7LP9
1132,C,500,7LP9
1133,C,501,7LP9
1134,C,502,7LP9
1135,C,503,7LP9
1136,C,504,7LP9
1137,C,505,7LP9
1138,C,506,7LP9
1139,C,507,7LP9
1140,C,508,7LP9
1141,C,509,7LP9
1142,C,510,7LP9
1143,C,511,7LP9
1144,C,512,7LP9
1145,C,513,7LP9
1146,C,514,7LP9
1147,C,515,7LP9
1148,C,516,7LP9
1149,C,517,7LP9
1150,C,518,7LP9
1151,C,519,7LP9
1152,C,520,7LP9
1153,C,521,7LP9
1154,C,522,7LP9
1155,C,523,7LP9
1156,C,524,7LP9
1157,C,525,7LP9
1158,C,526,7LP9
1159,C,527,7LP9
1160,C,528,7LP9
1161,C,529,7LP9
1162,C,530,7LP9
1163,C,531,7LP9
1164,C,532,7LP9
1165,C,533,7LP9
1166,C,534,7LP9
1167,C,535,7LP9
1168,C,536,7LP9
1169,C,537,7LP9
1170,C,538,7LP9
1171,C,539,7LP9
1172,C,540,7LP9
1173,C,541,7LP9
1174,C,542,7LP9
1175,C,543,7LP9
1176,C,544,7LP9
1177,C,545,7LP9
1178,C,546,7LP9
1179,C,547,7LP9
1180,C,548,7LP9
1181,C,549,7LP9
1182,C,550,7LP9
1183,C,551,7LP9
1184,C,552,7LP9
1185,C,553,7LP9
1186,C,554,7LP9
1187,C,555,7LP9
1188,C,556,7LP9
1189,C,557,7LP9
1190,C,558,7LP9
1191,C,559,7LP9
1192,C,560,7LP9
1193,C,561,7LP9
1194,C,562,7LP9
1195,C,563,7LP9
1196,C,564,7LP9
1197,C,565,7LP9
1198,C,566,7LP9
1199,C,567,7LP9
1200,C,568,7LP9
1201,C,569,7LP9
1202,C,570,7LP9
1203,C,571,7LP9
1204,C,572,7LP9
1205,C,573,7LP9
1206,C,574,7LP9
1207,C,575,7LP9
1208,C,576,7LP9
1209,C,577,7LP9
1210,C,578,7LP9
1211,C,579,7LP9
1212,C,580,7LP9
1213,C,581,7LP9
1214,C,582,7LP9
1215,C,583,7LP9
1216,C,584,7LP9
1217,C,585,7LP9
1218,C,586,7LP9
1219,C,587,7LP9
1220,C,588,7LP9
1221,C,589,7LP9
1222,C,590,7LP9
1223,C,591,7LP9
1224,C,592,7LP9
1225,C,593,7LP9
1226,C,594,7LP9
1227,C,595,7LP9
1228,C,596,7LP9
1229,C,597,7LP9
1230,C,598,7LP9
1231,C,599,7LP9
1232,C,600,7LP9
1233,C,601,7LP9
1234,C,602,7LP9
1235,C,625,7LP9
1236,C,626,7LP9
1237,C,627,7LP9
1238,C,628,7LP9
1239,C,629,7LP9
1240,C,630,7LP9
1241,C,631,7LP9
1242,C,632,7LP9
1243,C,633,7LP9
1244,C,634,7LP9
1245,C,635,7LP9
1246,C,636,7LP9
1247,C,637,7LP9
1248,C,638,7LP9
1249,C,639,7LP9
1250,C,640,7LP9
1251,C,641,7LP9
1252,C,642,7LP9
1253,C,643,7LP9
1254,C,644,7LP9
1255,C,645,7LP9
1256,C,646,7LP9
1257,C,647,7LP9
1258,C,648,7LP9
1259,C,649,7LP9
1260,C,650,7LP9
1261,C,651,7LP9
1262,C,652,7LP9
1263,C,653,7LP9
1264,C,654,7LP9
1265,C,655,7LP9
1266,C,656,7LP9
1267,C,657,7LP9
1268,C,658,7LP9
1269,C,659,7LP9
1270,C,660,7LP9
1271,C,661,7LP9
1272,C,662,7LP9
1273,C,663,7LP9
1274,C,664,7LP9
1275,C,665,7LP9
1276,C,666,7LP9
1277,C,667,7LP9
1278,C,668,7LP9
1279,C,669,7LP9
1280,C,670,7LP9
1281,C,671,7LP9
1282,C,672,7LP9
1283,C,673,7LP9
1284,C,674,7LP9
1285,C,675,7LP9
1286,C,676,7LP9
1287,C,677,7LP9
1288,C,678,7LP9
1289,C,679,7LP9
1290,C,680,7LP9
1291,C,681,7LP9
1292,C,682,7LP9
1293,C,683,7LP9
1294,C,684,7LP9
1295,C,685,7LP9
1296,C,686,7LP9
1297,C,687,7LP9
1298,C,688,7LP9
1299,C,689,7LP9
1300,C,690,7LP9
1301,C,691,7LP9
1302,C,692,7LP9
1303,C,693,7LP9
1304,C,694,7LP9
1305,C,695,7LP9
1306,C,696,7LP9
1307,C,697,7LP9
1308,C,698,7LP9
1309,C,699,7LP9
1310,C,700,7LP9
1311,C,701,7LP9
1312,C,702,7LP9
1313,C,703,7LP9
1314,C,704,7LP9
1315,C,705,7LP9
1316,C,706,7LP9
1317,C,707,7LP9
1318,C,708,7LP9
1319,C,709,7LP9
1320,C,710,7LP9
1321,C,711,7LP9
1322,C,712,7LP9
1323,C,713,7LP9
1324,C,714,7LP9
1325,C,715,7LP9
1326,C,716,7LP9
1327,C,717,7LP9
1328,C,718,7LP9
1329,C,719,7LP9
1330,C,720,7LP9
1331,C,721,7LP9
1332,C,722,7LP9
1333,C,723,7LP9
1334,C,724,7LP9
1335,C,725,7LP9
1336,C,726,7LP9
1337,C,727,7LP9
1338,C,728,7LP9
1339,C,729,7LP9
1340,C,730,7LP9
1341,C,731,7LP9
1342,C,732,7LP9
1343,C,733,7LP9
1344,C,734,7LP9
1345,C,735,7LP9
1346,C,736,7LP9
1347,C,737,7LP9
1348,C,738,7LP9
1349,C,739,7LP9
1350,C,740,7LP9
1351,C,741,7LP9
1352,C,742,7LP9
1353,C,743,7LP9
1354,C,744,7LP9
1355,C,745,7LP9
1356,C,746,7LP9
1357,C,747,7LP9
1358,C,748,7LP9
1359,C,749,7LP9
1360,C,750,7LP9
1361,C,751,7LP9
1362,C,752,7LP9
1363,D,277,7LP9
1364,D,278,7LP9
1365,D,279,7LP9
1366,D,280,7LP9
1367,D,281,7LP9
1368,D,282,7LP9
1369,D,283,7LP9
1370,D,284,7LP9
1371,D,285,7LP9
1372,D,286,7LP9
1373,D,287,7LP9
1374,D,288,7LP9
1375,D,289,7LP9
1376,D,290,7LP9
1377,D,291,7LP9
1378,D,292,7LP9
1379,D,293,7LP9
1380,D,294,7LP9
1381,D,295,7LP9
1382,D,296,7LP9
1383,D,297,7LP9
1384,D,298,7LP9
1385,D,299,7LP9
1386,D,300,7LP9
1387,D,301,7LP9
1388,D,302,7LP9
1389,D,303,7LP9
1390,D,304,7LP9
1391,D,305,7LP9
1392,D,306,7LP9
1393,D,307,7LP9
1394,D,308,7LP9
1395,D,309,7LP9
1396,D,310,7LP9
1397,D,311,7LP9
1398,D,312,7LP9
1399,D,313,7LP9
1400,D,314,7LP9
1401,D,315,7LP9
1402,D,316,7LP9
1403,D,317,7LP9
1404,D,318,7LP9
1405,D,319,7LP9
1406,D,320,7LP9
1407,D,321,7LP9
1408,D,322,7LP9
1409,D,323,7LP9
1410,D,324,7LP9
1411,D,325,7LP9
1412,D,326,7LP9
1413,D,327,7LP9
1414,D,328,7LP9
1415,D,329,7LP9
1416,D,330,7LP9
1417,D,331,7LP9
1418,D,332,7LP9
1419,D,333,7LP9
1420,D,334,7LP9
1421,D,335,7LP9
1422,D,336,7LP9
1423,D,337,7LP9
1424,D,338,7LP9
1425,D,339,7LP9
1426,D,340,7LP9
1427,D,341,7LP9
1428,D,342,7LP9
1429,D,343,7LP9
1430,D,344,7LP9
1431,D,345,7LP9
1432,D,346,7LP9
1433,D,347,7LP9
1434,D,348,7LP9
1435,D,349,7LP9
1436,D,350,7LP9
1437,D,351,7LP9
1438,D,352,7LP9
1439,D,353,7LP9
1440,D,354,7LP9
1441,D,355,7LP9
1442,D,356,7LP9
1443,D,357,7LP9
1444,D,358,7LP9
1445,D,359,7LP9
1446,D,360,7LP9
1447,D,361,7LP9
1448,D,362,7LP9
1449,D,363,7LP9
1450,D,364,7LP9
1451,D,365,7LP9
1452,D,366,7LP9
1453,D,367,7LP9
1454,D,368,7LP9
1455,D,369,7LP9
1456,D,370,7LP9
1457,D,371,7LP9
1458,D,372,7LP9
1459,D,373,7LP9
1460,D,374,7LP9
1461,D,375,7LP9
1462,D,376,7LP9
1463,D,377,7LP9
1464,D,378,7LP9
1465,D,379,7LP9
1466,D,380,7LP9
1467,D,381,7LP9
1468,D,382,7LP9
1469,D,383,7LP9
1470,D,384,7LP9
1471,D,385,7LP9
1472,D,386,7LP9
1473,D,387,7LP9
1474,D,388,7LP9
1475,D,389,7LP9
1476,D,390,7LP9
1477,D,391,7LP9
1478,D,392,7LP9
1479,D,393,7LP9
1480,D,394,7LP9
1481,D,395,7LP9
1482,D,396,7LP9
1483,D,397,7LP9
1484,D,398,7LP9
1485,D,399,7LP9
1486,D,400,7LP9
1487,D,401,7LP9
1488,D,402,7LP9
1489,D,403,7LP9
1490,D,404,7LP9
1491,D,405,7LP9
1492,D,406,7LP9
1493,D,407,7LP9
1494,D,408,7LP9
1495,D,409,7LP9
1496,D,410,7LP9
1497,D,411,7LP9
1498,D,412,7LP9
1499,D,413,7LP9
1500,D,414,7LP9
1501,D,415,7LP9
1502,D,416,7LP9
1503,D,417,7LP9
1504,D,418,7LP9
1505,D,419,7LP9
1506,D,420,7LP9
1507,D,421,7LP9
1508,D,422,7LP9
1509,D,423,7LP9
1510,D,424,7LP9
1511,D,425,7LP9
1512,D,426,7LP9
1513,D,427,7LP9
1514,D,428,7LP9
1515,D,429,7LP9
1516,D,430,7LP9
1517,D,431,7LP9
1518,D,432,7LP9
1519,D,433,7LP9
1520,D,434,7LP9
1521,D,435,7LP9
1522,D,436,7LP9
1523,D,437,7LP9
1524,D,438,7LP9
1525,D,439,7LP9
1526,D,440,7LP9
1527,D,441,7LP9
1528,D,442,7LP9
1529,D,443,7LP9
1530,D,444,7LP9
1531,D,445,7LP9
1532,D,446,7LP9
1533,D,447,7LP9
1534,D,448,7LP9
1535,D,449,7LP9
1536,D,450,7LP9
1537,D,451,7LP9
1538,D,452,7LP9
1539,D,453,7LP9
1540,D,454,7LP9
1541,D,455,7LP9
1542,D,456,7LP9
1543,D,457,7LP9
1544,D,458,7LP9
1545,D,459,7LP9
1546,D,460,7LP9
1547,D,461,7LP9
1548,D,462,7LP9
1549,D,463,7LP9
1550,D,464,7LP9
1551,D,465,7LP9
1552,D,466,7LP9
1553,D,467,7LP9
1554,D,468,7LP9
1555,D,469,7LP9
1556,D,470,7LP9
1557,D,471,7LP9
1558,D,472,7LP9
1559,D,473,7LP9
1560,D,474,7LP9
1561,D,475,7LP9
1562,D,476,7LP9
1563,D,477,7LP9
1564,D,478,7LP9
1565,D,479,7LP9
1566,D,480,7LP9
1567,D,481,7LP9
1568,D,482,7LP9
1569,D,483,7LP9
1570,D,484,7LP9
1571,D,485,7LP9
1572,D,486,7LP9
1573,D,487,7LP9
1574,D,488,7LP9
1575,D,489,7LP9
1576,D,490,7LP9
1577,D,491,7LP9
1578,D,492,7LP9
1579,D,493,7LP9
1580,D,494,7LP9
1581,D,495,7LP9
1582,D,496,7LP9
1583,D,497,7LP9
1584,D,498,7LP9
1585,D,499,7LP9
1586,D,500,7LP9
1587,D,501,7LP9
1588,D,502,7LP9
1589,D,503,7LP9
1590,D,504,7LP9
1591,D,505,7LP9
1592,D,506,7LP9
1593,D,507,7LP9
1594,D,508,7LP9
1595,D,509,7LP9
1596,D,510,7LP9
1597,D,511,7LP9
1598,D,512,7LP9
1599,D,513,7LP9
1600,D,514,7LP9
1601,D,515,7LP9
1602,D,516,7LP9
1603,D,517,7LP9
1604,D,518,7LP9
1605,D,519,7LP9
1606,D,520,7LP9
1607,D,521,7LP9
1608,D,522,7LP9
1609,D,523,7LP9
1610,D,524,7LP9
1611,D,525,7LP9
1612,D,526,7LP9
1613,D,527,7LP9
1614,D,528,7LP9
1615,D,529,7LP9
1616,D,530,7LP9
1617,D,531,7LP9
1618,D,532,7LP9
1619,D,533,7LP9
1620,D,534,7LP9
1621,D,535,7LP9
1622,D,536,7LP9
1623,D,537,7LP9
1624,D,538,7LP9
1625,D,539,7LP9
1626,D,540,7LP9
1627,D,541,7LP9
1628,D,542,7LP9
1629,D,543,7LP9
1630,D,544,7LP9
1631,D,545,7LP9
1632,D,546,7LP9
1633,D,547,7LP9
1634,D,548,7LP9
1635,D,549,7LP9
1636,D,550,7LP9
1637,D,551,7LP9
1638,D,552,7LP9
1639,D,553,7LP9
1640,D,554,7LP9
1641,D,555,7LP9
1642,D,556,7LP9
1643,D,557,7LP9
1644,D,558,7LP9
1645,D,559,7LP9
1646,D,560,7LP9
1647,D,561,7LP9
1648,D,562,7LP9
1649,D,563,7LP9
1650,D,564,7LP9
1651,D,565,7LP9
1652,D,566,7LP9
1653,D,567,7LP9
1654,D,568,7LP9
1655,D,569,7LP9
1656,D,570,7LP9
1657,D,571,7LP9
1658,D,572,7LP9
1659,D,573,7LP9
1660,D,574,7LP9
1661,D,575,7LP9
1662,D,576,7LP9
1663,D,577,7LP9
1664,D,578,7LP9
1665,D,579,7LP9
1666,D,580,7LP9
1667,D,581,7LP9
1668,D,582,7LP9
1669,D,583,7LP9
1670,D,584,7LP9
1671,D,585,7LP9
1672,D,586,7LP9
1673,D,587,7LP9
1674,D,588,7LP9
1675,D,589,7LP9
1676,D,590,7LP9
1677,D,591,7LP9
1678,D,592,7LP9
1679,D,593,7LP9
1680,D,594,7LP9
1681,D,595,7LP9
1682,D,596,7LP9
1683,D,597,7LP9
1684,D,598,7LP9
1685,D,599,7LP9
1686,D,600,7LP9
1687,D,601,7LP9
1688,D,602,7LP9
1689,D,625,7LP9
1690,D,626,7LP9
1691,D,627,7LP9
1692,D,628,7LP9
1693,D,629,7LP9
1694,D,630,7LP9
1695,D,631,7LP9
1696,D,632,7LP9
1697,D,633,7LP9
1698,D,634,7LP9
1699,D,635,7LP9
1700,D,636,7LP9
1701,D,637,7LP9
1702,D,638,7LP9
1703,D,639,7LP9
1704,D,640,7LP9
1705,D,641,7LP9
1706,D,642,7LP9
1707,D,643,7LP9
1708,D,644,7LP9
1709,D,645,7LP9
1710,D,646,7LP9
1711,D,647,7LP9
1712,D,648,7LP9
1713,D,649,7LP9
1714,D,650,7LP9
1715,D,651,7LP9
1716,D,652,7LP9
1717,D,653,7LP9
1718,D,654,7LP9
1719,D,655,7LP9
1720,D,656,7LP9
1721,D,657,7LP9
1722,D,658,7LP9
1723,D,659,7LP9
1724,D,660,7LP9
1725,D,661,7LP9
1726,D,662,7LP9
1727,D,663,7LP9
1728,D,664,7LP9
1729,D,665,7LP9
1730,D,666,7LP9
1731,D,667,7LP9
1732,D,668,7LP9
1733,D,669,7LP9
1734,D,670,7LP9
1735,D,671,7LP9
1736,D,672,7LP9
1737,D,673,7LP9
1738,D,674,7LP9
1739,D,675,7LP9
1740,D,676,7LP9
1741,D,677,7LP9
1742,D,678,7LP9
1743,D,679,7LP9
1744,D,680,7LP9
1745,D,681,7LP9
1746,D,682,7LP9
1747,D,683,7LP9
1748,D,684,7LP9
1749,D,685,7LP9
1750,D,686,7LP9
1751,D,687,7LP9
1752,D,688,7LP9
1753,D,689,7LP9
1754,D,690,7LP9
1755,D,691,7LP9
1756,D,692,7LP9
1757,D,693,7LP9
1758,D,694,7LP9
1759,D,695,7LP9
1760,D,696,7LP9
1761,D,697,7LP9
1762,D,698,7LP9
1763,D,699,7LP9
1764,D,700,7LP9
1765,D,701,7LP9
1766,D,702,7LP9
1767,D,703,7LP9
1768,D,704,7LP9
1769,D,705,7LP9
1770,D,706,7LP9
1771,D,707,7LP9
1772,D,708,7LP9
1773,D,709,7LP9
1774,D,710,7LP9
1775,D,711,7LP9
1776,D,712,7LP9
1777,D,713,7LP9
1778,D,714,7LP9
1779,D,715,7LP9
1780,D,716,7LP9
1781,D,717,7LP9
1782,D,718,7LP9
1783,D,719,7LP9
1784,D,720,7LP9
1785,D,721,7LP9
1786,D,722,7LP9
1787,D,723,7LP9
1788,D,724,7LP9
1789,D,725,7LP9
1790,D,726,7LP9
1791,D,727,7LP9
1792,D,728,7LP9
1793,D,729,7LP9
1794,D,730,7LP9
1795,D,731,7LP9
1796,D,732,7LP9
1797,D,733,7LP9
1798,D,734,7LP9
1799,D,735,7LP9
1800,D,736,7LP9
1801,D,737,7LP9
1802,D,738,7LP9
1803,D,739,7LP9
1804,D,740,7LP9
1805,D,741,7LP9
1806,D,742,7LP9
1807,D,743,7LP9
1808,D,744,7LP9
1809,D,745,7LP9
1810,D,746,7LP9
1811,D,747,7LP9
1812,D,748,7LP9
1813,D,749,7LP9
1814,D,750,7LP9
1815,D,751,7LP9
1816,D,752,7LP9
1,A,277,7LPB
2,A,278,7LPB
3,A,279,7LPB
4,A,280,7LPB
5,A,281,7LPB
6,A,282,7LPB
7,A,283,7LPB
8,A,284,7LPB
9,A,285,7LPB
10,A,286,7LPB
11,A,287,7LPB
12,A,288,7LPB
13,A,289,7LPB
14,A,290,7LPB
15,A,291,7LPB
16,A,292,7LPB
17,A,293,7LPB
18,A,294,7LPB
19,A,295,7LPB
20,A,296,7LPB
21,A,297,7LPB
22,A,298,7LPB
23,A,299,7LPB
24,A,300,7LPB
25,A,301,7LPB
26,A,302,7LPB
27,A,303,7LPB
28,A,304,7LPB
29,A,305,7LPB
30,A,306,7LPB
31,A,307,7LPB
32,A,308,7LPB
33,A,309,7LPB
34,A,310,7LPB
35,A,311,7LPB
36,A,312,7LPB
37,A,313,7LPB
38,A,314,7LPB
39,A,315,7LPB
40,A,316,7LPB
41,A,317,7LPB
42,A,318,7LPB
43,A,319,7LPB
44,A,320,7LPB
45,A,321,7LPB
46,A,322,7LPB
47,A,323,7LPB
48,A,324,7LPB
49,A,325,7LPB
50,A,326,7LPB
51,A,327,7LPB
52,A,328,7LPB
53,A,329,7LPB
54,A,330,7LPB
55,A,331,7LPB
56,A,332,7LPB
57,A,333,7LPB
58,A,334,7LPB
59,A,335,7LPB
60,A,336,7LPB
61,A,337,7LPB
62,A,338,7LPB
63,A,339,7LPB
64,A,340,7LPB
65,A,341,7LPB
66,A,342,7LPB
67,A,343,7LPB
68,A,344,7LPB
69,A,345,7LPB
70,A,346,7LPB
71,A,347,7LPB
72,A,348,7LPB
73,A,349,7LPB
74,A,350,7LPB
75,A,351,7LPB
76,A,352,7LPB
77,A,353,7LPB
78,A,354,7LPB
79,A,355,7LPB
80,A,356,7LPB
81,A,357,7LPB
82,A,358,7LPB
83,A,359,7LPB
84,A,360,7LPB
85,A,361,7LPB
86,A,362,7LPB
87,A,363,7LPB
88,A,364,7LPB
89,A,365,7LPB
90,A,366,7LPB
91,A,367,7LPB
92,A,368,7LPB
93,A,369,7LPB
94,A,370,7LPB
95,A,371,7LPB
96,A,372,7LPB
97,A,373,7LPB
98,A,374,7LPB
99,A,375,7LPB
100,A,376,7LPB
101,A,377,7LPB
102,A,378,7LPB
103,A,379,7LPB
104,A,380,7LPB
105,A,381,7LPB
106,A,382,7LPB
107,A,383,7LPB
108,A,384,7LPB
109,A,385,7LPB
110,A,386,7LPB
111,A,387,7LPB
112,A,388,7LPB
113,A,389,7LPB
114,A,390,7LPB
115,A,391,7LPB
116,A,392,7LPB
117,A,393,7LPB
118,A,394,7LPB
119,A,395,7LPB
120,A,396,7LPB
121,A,397,7LPB
122,A,398,7LPB
123,A,399,7LPB
124,A,400,7LPB
125,A,401,7LPB
126,A,402,7LPB
127,A,403,7LPB
128,A,404,7LPB
129,A,405,7LPB
130,A,406,7LPB
131,A,407,7LPB
132,A,408,7LPB
133,A,409,7LPB
134,A,410,7LPB
135,A,411,7LPB
136,A,412,7LPB
137,A,413,7LPB
138,A,414,7LPB
139,A,415,7LPB
140,A,416,7LPB
141,A,417,7LPB
142,A,418,7LPB
143,A,419,7LPB
144,A,420,7LPB
145,A,421,7LPB
146,A,422,7LPB
147,A,423,7LPB
148,A,424,7LPB
149,A,425,7LPB
150,A,426,7LPB
151,A,427,7LPB
152,A,428,7LPB
153,A,429,7LPB
154,A,430,7LPB
155,A,431,7LPB
156,A,432,7LPB
157,A,433,7LPB
158,A,434,7LPB
159,A,435,7LPB
160,A,436,7LPB
161,A,437,7LPB
162,A,438,7LPB
163,A,439,7LPB
164,A,440,7LPB
165,A,441,7LPB
166,A,442,7LPB
167,A,443,7LPB
168,A,444,7LPB
169,A,445,7LPB
170,A,446,7LPB
171,A,447,7LPB
172,A,448,7LPB
173,A,449,7LPB
174,A,450,7LPB
175,A,451,7LPB
176,A,452,7LPB
177,A,453,7LPB
178,A,454,7LPB
179,A,455,7LPB
180,A,456,7LPB
181,A,457,7LPB
182,A,458,7LPB
183,A,459,7LPB
184,A,460,7LPB
185,A,461,7LPB
186,A,462,7LPB
187,A,463,7LPB
188,A,464,7LPB
189,A,465,7LPB
190,A,466,7LPB
191,A,467,7LPB
192,A,468,7LPB
193,A,469,7LPB
194,A,470,7LPB
195,A,471,7LPB
196,A,472,7LPB
197,A,473,7LPB
198,A,474,7LPB
199,A,475,7LPB
200,A,476,7LPB
201,A,477,7LPB
202,A,478,7LPB
203,A,479,7LPB
204,A,480,7LPB
205,A,481,7LPB
206,A,482,7LPB
207,A,483,7LPB
208,A,484,7LPB
209,A,485,7LPB
210,A,486,7LPB
211,A,487,7LPB
212,A,488,7LPB
213,A,489,7LPB
214,A,490,7LPB
215,A,491,7LPB
216,A,492,7LPB
217,A,493,7LPB
218,A,494,7LPB
219,A,495,7LPB
220,A,496,7LPB
221,A,497,7LPB
222,A,498,7LPB
223,A,499,7LPB
224,A,500,7LPB
225,A,501,7LPB
226,A,502,7LPB
227,A,503,7LPB
228,A,504,7LPB
229,A,505,7LPB
230,A,506,7LPB
231,A,507,7LPB
232,A,508,7LPB
233,A,509,7LPB
234,A,510,7LPB
235,A,511,7LPB
236,A,512,7LPB
237,A,513,7LPB
238,A,514,7LPB
239,A,515,7LPB
240,A,516,7LPB
241,A,517,7LPB
242,A,518,7LPB
243,A,519,7LPB
244,A,520,7LPB
245,A,521,7LPB
246,A,522,7LPB
247,A,523,7LPB
248,A,524,7LPB
249,A,525,7LPB
250,A,526,7LPB
251,A,527,7LPB
252,A,528,7LPB
253,A,529,7LPB
254,A,530,7LPB
255,A,531,7LPB
256,A,532,7LPB
257,A,533,7LPB
258,A,534,7LPB
259,A,535,7LPB
260,A,536,7LPB
261,A,537,7LPB
262,A,538,7LPB
263,A,539,7LPB
264,A,540,7LPB
265,A,541,7LPB
266,A,542,7LPB
267,A,543,7LPB
268,A,544,7LPB
269,A,545,7LPB
270,A,546,7LPB
271,A,547,7LPB
272,A,548,7LPB
273,A,549,7LPB
274,A,550,7LPB
275,A,551,7LPB
276,A,552,7LPB
277,A,553,7LPB
278,A,554,7LPB
279,A,555,7LPB
280,A,556,7LPB
281,A,557,7LPB
282,A,558,7LPB
283,A,559,7LPB
284,A,560,7LPB
285,A,561,7LPB
286,A,562,7LPB
287,A,563,7LPB
288,A,564,7LPB
289,A,565,7LPB
290,A,566,7LPB
291,A,567,7LPB
292,A,568,7LPB
293,A,569,7LPB
294,A,570,7LPB
295,A,571,7LPB
296,A,572,7LPB
297,A,573,7LPB
298,A,574,7LPB
299,A,575,7LPB
300,A,576,7LPB
301,A,577,7LPB
302,A,578,7LPB
303,A,579,7LPB
304,A,580,7LPB
305,A,581,7LPB
306,A,582,7LPB
307,A,583,7LPB
308,A,584,7LPB
309,A,585,7LPB
310,A,586,7LPB
311,A,587,7LPB
312,A,588,7LPB
313,A,589,7LPB
314,A,590,7LPB
315,A,591,7LPB
316,A,592,7LPB
317,A,593,7LPB
318,A,594,7LPB
319,A,595,7LPB
320,A,596,7LPB
321,A,597,7LPB
322,A,598,7LPB
323,A,599,7LPB
324,A,600,7LPB
325,A,601,7LPB
326,A,602,7LPB
327,A,625,7LPB
328,A,626,7LPB
329,A,627,7LPB
330,A,628,7LPB
331,A,629,7LPB
332,A,630,7LPB
333,A,631,7LPB
334,A,632,7LPB
335,A,633,7LPB
336,A,634,7LPB
337,A,635,7LPB
338,A,636,7LPB
339,A,637,7LPB
340,A,638,7LPB
341,A,639,7LPB
342,A,640,7LPB
343,A,641,7LPB
344,A,642,7LPB
345,A,643,7LPB
346,A,644,7LPB
347,A,645,7LPB
348,A,646,7LPB
349,A,647,7LPB
350,A,648,7LPB
351,A,649,7LPB
352,A,650,7LPB
353,A,651,7LPB
354,A,652,7LPB
355,A,653,7LPB
356,A,654,7LPB
357,A,655,7LPB
358,A,656,7LPB
359,A,657,7LPB
360,A,658,7LPB
361,A,659,7LPB
362,A,660,7LPB
363,A,661,7LPB
364,A,662,7LPB
365,A,663,7LPB
366,A,664,7LPB
367,A,665,7LPB
368,A,666,7LPB
369,A,667,7LPB
370,A,668,7LPB
371,A,669,7LPB
372,A,670,7LPB
373,A,671,7LPB
374,A,672,7LPB
375,A,673,7LPB
376,A,674,7LPB
377,A,675,7LPB
378,A,676,7LPB
379,A,677,7LPB
380,A,678,7LPB
381,A,679,7LPB
382,A,680,7LPB
383,A,681,7LPB
384,A,682,7LPB
385,A,683,7LPB
386,A,684,7LPB
387,A,685,7LPB
388,A,686,7LPB
389,A,687,7LPB
390,A,688,7LPB
391,A,689,7LPB
392,A,690,7LPB
393,A,691,7LPB
394,A,692,7LPB
395,A,693,7LPB
396,A,694,7LPB
397,A,695,7LPB
398,A,696,7LPB
399,A,697,7LPB
400,A,698,7LPB
401,A,699,7LPB
402,A,700,7LPB
403,A,701,7LPB
404,A,702,7LPB
405,A,703,7LPB
406,A,704,7LPB
407,A,705,7LPB
408,A,706,7LPB
409,A,707,7LPB
410,A,708,7LPB
411,A,709,7LPB
412,A,710,7LPB
413,A,711,7LPB
414,A,712,7LPB
415,A,713,7LPB
416,A,714,7LPB
417,A,715,7LPB
418,A,716,7LPB
419,A,717,7LPB
420,A,718,7LPB
421,A,719,7LPB
422,A,720,7LPB
423,A,721,7LPB
424,A,722,7LPB
425,A,723,7LPB
426,A,724,7LPB
427,A,725,7LPB
428,A,726,7LPB
429,A,727,7LPB
430,A,728,7LPB
431,A,729,7LPB
432,A,730,7LPB
433,A,731,7LPB
434,A,732,7LPB
435,A,733,7LPB
436,A,734,7LPB
437,A,735,7LPB
438,A,736,7LPB
439,A,737,7LPB
440,A,738,7LPB
441,A,739,7LPB
442,A,740,7LPB
443,A,741,7LPB
444,A,742,7LPB
445,A,743,7LPB
446,A,744,7LPB
447,A,745,7LPB
448,A,746,7LPB
449,A,747,7LPB
450,A,748,7LPB
451,A,749,7LPB
452,A,750,7LPB
453,A,751,7LPB
454,A,752,7LPB
455,B,277,7LPB
456,B,278,7LPB
457,B,279,7LPB
458,B,280,7LPB
459,B,281,7LPB
460,B,282,7LPB
461,B,283,7LPB
462,B,284,7LPB
463,B,285,7LPB
464,B,286,7LPB
465,B,287,7LPB
466,B,288,7LPB
467,B,289,7LPB
468,B,290,7LPB
469,B,291,7LPB
470,B,292,7LPB
471,B,293,7LPB
472,B,294,7LPB
473,B,295,7LPB
474,B,296,7LPB
475,B,297,7LPB
476,B,298,7LPB
477,B,299,7LPB
478,B,300,7LPB
479,B,301,7LPB
480,B,302,7LPB
481,B,303,7LPB
482,B,304,7LPB
483,B,305,7LPB
484,B,306,7LPB
485,B,307,7LPB
486,B,308,7LPB
487,B,309,7LPB
488,B,310,7LPB
489,B,311,7LPB
490,B,312,7LPB
491,B,313,7LPB
492,B,314,7LPB
493,B,315,7LPB
494,B,316,7LPB
495,B,317,7LPB
496,B,318,7LPB
497,B,319,7LPB
498,B,320,7LPB
499,B,321,7LPB
500,B,322,7LPB
501,B,323,7LPB
502,B,324,7LPB
503,B,325,7LPB
504,B,326,7LPB
505,B,327,7LPB
506,B,328,7LPB
507,B,329,7LPB
508,B,330,7LPB
509,B,331,7LPB
510,B,332,7LPB
511,B,333,7LPB
512,B,334,7LPB
513,B,335,7LPB
514,B,336,7LPB
515,B,337,7LPB
516,B,338,7LPB
517,B,339,7LPB
518,B,340,7LPB
519,B,341,7LPB
520,B,342,7LPB
521,B,343,7LPB
522,B,344,7LPB
523,B,345,7LPB
524,B,346,7LPB
525,B,347,7LPB
526,B,348,7LPB
527,B,349,7LPB
528,B,350,7LPB
529,B,351,7LPB
530,B,352,7LPB
531,B,353,7LPB
532,B,354,7LPB
533,B,355,7LPB
534,B,356,7LPB
535,B,357,7LPB
536,B,358,7LPB
537,B,359,7LPB
538,B,360,7LPB
539,B,361,7LPB
540,B,362,7LPB
541,B,363,7LPB
542,B,364,7LPB
543,B,365,7LPB
544,B,366,7LPB
545,B,367,7LPB
546,B,368,7LPB
547,B,369,7LPB
548,B,370,7LPB
549,B,371,7LPB
550,B,372,7LPB
551,B,373,7LPB
552,B,374,7LPB
553,B,375,7LPB
554,B,376,7LPB
555,B,377,7LPB
556,B,378,7LPB
557,B,379,7LPB
558,B,380,7LPB
559,B,381,7LPB
560,B,382,7LPB
561,B,383,7LPB
562,B,384,7LPB
563,B,385,7LPB
564,B,386,7LPB
565,B,387,7LPB
566,B,388,7LPB
567,B,389,7LPB
568,B,390,7LPB
569,B,391,7LPB
570,B,392,7LPB
571,B,393,7LPB
572,B,394,7LPB
573,B,395,7LPB
574,B,396,7LPB
575,B,397,7LPB
576,B,398,7LPB
577,B,399,7LPB
578,B,400,7LPB
579,B,401,7LPB
580,B,402,7LPB
581,B,403,7LPB
582,B,404,7LPB
583,B,405,7LPB
584,B,406,7LPB
585,B,407,7LPB
586,B,408,7LPB
587,B,409,7LPB
588,B,410,7LPB
589,B,411,7LPB
590,B,412,7LPB
591,B,413,7LPB
592,B,414,7LPB
593,B,415,7LPB
594,B,416,7LPB
595,B,417,7LPB
596,B,418,7LPB
597,B,419,7LPB
598,B,420,7LPB
599,B,421,7LPB
600,B,422,7LPB
601,B,423,7LPB
602,B,424,7LPB
603,B,425,7LPB
604,B,426,7LPB
605,B,427,7LPB
606,B,428,7LPB
607,B,429,7LPB
608,B,430,7LPB
609,B,431,7LPB
610,B,432,7LPB
611,B,433,7LPB
612,B,434,7LPB
613,B,435,7LPB
614,B,436,7LPB
615,B,437,7LPB
616,B,438,7LPB
617,B,439,7LPB
618,B,440,7LPB
619,B,441,7LPB
620,B,442,7LPB
621,B,443,7LPB
622,B,444,7LPB
623,B,445,7LPB
624,B,446,7LPB
625,B,447,7LPB
626,B,448,7LPB
627,B,449,7LPB
628,B,450,7LPB
629,B,451,7LPB
630,B,452,7LPB
631,B,453,7LPB
632,B,454,7LPB
633,B,455,7LPB
634,B,456,7LPB
635,B,457,7LPB
636,B,458,7LPB
637,B,459,7LPB
638,B,460,7LPB
639,B,461,7LPB
640,B,462,7LPB
641,B,463,7LPB
642,B,464,7LPB
643,B,465,7LPB
644,B,466,7LPB
645,B,467,7LPB
646,B,468,7LPB
647,B,469,7LPB
648,B,470,7LPB
649,B,471,7LPB
650,B,472,7LPB
651,B,473,7LPB
652,B,474,7LPB
653,B,475,7LPB
654,B,476,7LPB
655,B,477,7LPB
656,B,478,7LPB
657,B,479,7LPB
658,B,480,7LPB
659,B,481,7LPB
660,B,482,7LPB
661,B,483,7LPB
662,B,484,7LPB
663,B,485,7LPB
664,B,486,7LPB
665,B,487,7LPB
666,B,488,7LPB
667,B,489,7LPB
668,B,490,7LPB
669,B,491,7LPB
670,B,492,7LPB
671,B,493,7LPB
672,B,494,7LPB
673,B,495,7LPB
674,B,496,7LPB
675,B,497,7LPB
676,B,498,7LPB
677,B,499,7LPB
678,B,500,7LPB
679,B,501,7LPB
680,B,502,7LPB
681,B,503,7LPB
682,B,504,7LPB
683,B,505,7LPB
684,B,506,7LPB
685,B,507,7LPB
686,B,508,7LPB
687,B,509,7LPB
688,B,510,7LPB
689,B,511,7LPB
690,B,512,7LPB
691,B,513,7LPB
692,B,514,7LPB
693,B,515,7LPB
694,B,516,7LPB
695,B,517,7LPB
696,B,518,7LPB
697,B,519,7LPB
698,B,520,7LPB
699,B,521,7LPB
700,B,522,7LPB
701,B,523,7LPB
702,B,524,7LPB
703,B,525,7LPB
704,B,526,7LPB
705,B,527,7LPB
706,B,528,7LPB
707,B,529,7LPB
708,B,530,7LPB
709,B,531,7LPB
710,B,532,7LPB
711,B,533,7LPB
712,B,534,7LPB
713,B,535,7LPB
714,B,536,7LPB
715,B,537,7LPB
716,B,538,7LPB
717,B,539,7LPB
718,B,540,7LPB
719,B,541,7LPB
720,B,542,7LPB
721,B,543,7LPB
722,B,544,7LPB
723,B,545,7LPB
724,B,546,7LPB
725,B,547,7LPB
726,B,548,7LPB
727,B,549,7LPB
728,B,550,7LPB
729,B,551,7LPB
730,B,552,7LPB
731,B,553,7LPB
732,B,554,7LPB
733,B,555,7LPB
734,B,556,7LPB
735,B,557,7LPB
736,B,558,7LPB
737,B,559,7LPB
738,B,560,7LPB
739,B,561,7LPB
740,B,562,7LPB
741,B,563,7LPB
742,B,564,7LPB
743,B,565,7LPB
744,B,566,7LPB
745,B,567,7LPB
746,B,568,7LPB
747,B,569,7LPB
748,B,570,7LPB
749,B,571,7LPB
750,B,572,7LPB
751,B,573,7LPB
752,B,574,7LPB
753,B,575,7LPB
754,B,576,7LPB
755,B,577,7LPB
756,B,578,7LPB
757,B,579,7LPB
758,B,580,7LPB
759,B,581,7LPB
760,B,582,7LPB
761,B,583,7LPB
762,B,584,7LPB
763,B,585,7LPB
764,B,586,7LPB
765,B,587,7LPB
766,B,588,7LPB
767,B,589,7LPB
768,B,590,7LPB
769,B,591,7LPB
770,B,592,7LPB
771,B,593,7LPB
772,B,594,7LPB
773,B,595,7LPB
774,B,596,7LPB
775,B,597,7LPB
776,B,598,7LPB
777,B,599,7LPB
778,B,600,7LPB
779,B,601,7LPB
780,B,602,7LPB
781,B,625,7LPB
782,B,626,7LPB
783,B,627,7LPB
784,B,628,7LPB
785,B,629,7LPB
786,B,630,7LPB
787,B,631,7LPB
788,B,632,7LPB
789,B,633,7LPB
790,B,634,7LPB
791,B,635,7LPB
792,B,636,7LPB
793,B,637,7LPB
794,B,638,7LPB
795,B,639,7LPB
796,B,640,7LPB
797,B,641,7LPB
798,B,642,7LPB
799,B,643,7LPB
800,B,644,7LPB
801,B,645,7LPB
802,B,646,7LPB
803,B,647,7LPB
804,B,648,7LPB
805,B,649,7LPB
806,B,650,7LPB
807,B,651,7LPB
808,B,652,7LPB
809,B,653,7LPB
810,B,654,7LPB
811,B,655,7LPB
812,B,656,7LPB
813,B,657,7LPB
814,B,658,7LPB
815,B,659,7LPB
816,B,660,7LPB
817,B,661,7LPB
818,B,662,7LPB
819,B,663,7LPB
820,B,664,7LPB
821,B,665,7LPB
822,B,666,7LPB
823,B,667,7LPB
824,B,668,7LPB
825,B,669,7LPB
826,B,670,7LPB
827,B,671,7LPB
828,B,672,7LPB
829,B,673,7LPB
830,B,674,7LPB
831,B,675,7LPB
832,B,676,7LPB
833,B,677,7LPB
834,B,678,7LPB
835,B,679,7LPB
836,B,680,7LPB
837,B,681,7LPB
838,B,682,7LPB
839,B,683,7LPB
840,B,684,7LPB
841,B,685,7LPB
842,B,686,7LPB
843,B,687,7LPB
844,B,688,7LPB
845,B,689,7LPB
846,B,690,7LPB
847,B,691,7LPB
848,B,692,7LPB
849,B,693,7LPB
850,B,694,7LPB
851,B,695,7LPB
852,B,696,7LPB
853,B,697,7LPB
854,B,698,7LPB
855,B,699,7LPB
856,B,700,7LPB
857,B,701,7LPB
858,B,702,7LPB
859,B,703,7LPB
860,B,704,7LPB
861,B,705,7LPB
862,B,706,7LPB
863,B,707,7LPB
864,B,708,7LPB
865,B,709,7LPB
866,B,710,7LPB
867,B,711,7LPB
868,B,712,7LPB
869,B,713,7LPB
870,B,714,7LPB
871,B,715,7LPB
872,B,716,7LPB
873,B,717,7LPB
874,B,718,7LPB
875,B,719,7LPB
876,B,720,7LPB
877,B,721,7LPB
878,B,722,7LPB
879,B,723,7LPB
880,B,724,7LPB
881,B,725,7LPB
882,B,726,7LPB
883,B,727,7LPB
884,B,728,7LPB
885,B,729,7LPB
886,B,730,7LPB
887,B,731,7LPB
888,B,732,7LPB
889,B,733,7LPB
890,B,734,7LPB
891,B,735,7LPB
892,B,736,7LPB
893,B,737,7LPB
894,B,738,7LPB
895,B,739,7LPB
896,B,740,7LPB
897,B,741,7LPB
898,B,742,7LPB
899,B,743,7LPB
900,B,744,7LPB
901,B,745,7LPB
902,B,746,7LPB
903,B,747,7LPB
904,B,748,7LPB
905,B,749,7LPB
906,B,750,7LPB
907,B,751,7LPB
908,B,752,7LPB
909,C,277,7LPB
910,C,278,7LPB
911,C,279,7LPB
912,C,280,7LPB
913,C,281,7LPB
914,C,282,7LPB
915,C,283,7LPB
916,C,284,7LPB
917,C,285,7LPB
918,C,286,7LPB
919,C,287,7LPB
920,C,288,7LPB
921,C,289,7LPB
922,C,290,7LPB
923,C,291,7LPB
924,C,292,7LPB
925,C,293,7LPB
926,C,294,7LPB
927,C,295,7LPB
928,C,296,7LPB
929,C,297,7LPB
930,C,298,7LPB
931,C,299,7LPB
932,C,300,7LPB
933,C,301,7LPB
934,C,302,7LPB
935,C,303,7LPB
936,C,304,7LPB
937,C,305,7LPB
938,C,306,7LPB
939,C,307,7LPB
940,C,308,7LPB
941,C,309,7LPB
942,C,310,7LPB
943,C,311,7LPB
944,C,312,7LPB
945,C,313,7LPB
946,C,314,7LPB
947,C,315,7LPB
948,C,316,7LPB
949,C,317,7LPB
950,C,318,7LPB
951,C,319,7LPB
952,C,320,7LPB
953,C,321,7LPB
954,C,322,7LPB
955,C,323,7LPB
956,C,324,7LPB
957,C,325,7LPB
958,C,326,7LPB
959,C,327,7LPB
960,C,328,7LPB
961,C,329,7LPB
962,C,330,7LPB
963,C,331,7LPB
964,C,332,7LPB
965,C,333,7LPB
966,C,334,7LPB
967,C,335,7LPB
968,C,336,7LPB
969,C,337,7LPB
970,C,338,7LPB
971,C,339,7LPB
972,C,340,7LPB
973,C,341,7LPB
974,C,342,7LPB
975,C,343,7LPB
976,C,344,7LPB
977,C,345,7LPB
978,C,346,7LPB
979,C,347,7LPB
980,C,348,7LPB
981,C,349,7LPB
982,C,350,7LPB
983,C,351,7LPB
984,C,352,7LPB
985,C,353,7LPB
986,C,354,7LPB
987,C,355,7LPB
988,C,356,7LPB
989,C,357,7LPB
990,C,358,7LPB
991,C,359,7LPB
992,C,360,7LPB
993,C,361,7LPB
994,C,362,7LPB
995,C,363,7LPB
996,C,364,7LPB
997,C,365,7LPB
998,C,366,7LPB
999,C,367,7LPB
1000,C,368,7LPB
1001,C,369,7LPB
1002,C,370,7LPB
1003,C,371,7LPB
1004,C,372,7LPB
1005,C,373,7LPB
1006,C,374,7LPB
1007,C,375,7LPB
1008,C,376,7LPB
1009,C,377,7LPB
1010,C,378,7LPB
1011,C,379,7LPB
1012,C,380,7LPB
1013,C,381,7LPB
1014,C,382,7LPB
1015,C,383,7LPB
1016,C,384,7LPB
1017,C,385,7LPB
1018,C,386,7LPB
1019,C,387,7LPB
1020,C,388,7LPB
1021,C,389,7LPB
1022,C,390,7LPB
1023,C,391,7LPB
1024,C,392,7LPB
1025,C,393,7LPB
1026,C,394,7LPB
1027,C,395,7LPB
1028,C,396,7LPB
1029,C,397,7LPB
1030,C,398,7LPB
1031,C,399,7LPB
1032,C,400,7LPB
1033,C,401,7LPB
1034,C,402,7LPB
1035,C,403,7LPB
1036,C,404,7LPB
1037,C,405,7LPB
1038,C,406,7LPB
1039,C,407,7LPB
1040,C,408,7LPB
1041,C,409,7LPB
1042,C,410,7LPB
1043,C,411,7LPB
1044,C,412,7LPB
1045,C,413,7LPB
1046,C,414,7LPB
1047,C,415,7LPB
1048,C,416,7LPB
1049,C,417,7LPB
1050,C,418,7LPB
1051,C,419,7LPB
1052,C,420,7LPB
1053,C,421,7LPB
1054,C,422,7LPB
1055,C,423,7LPB
1056,C,424,7LPB
1057,C,425,7LPB
1058,C,426,7LPB
1059,C,427,7LPB
1060,C,428,7LPB
1061,C,429,7LPB
1062,C,430,7LPB
1063,C,431,7LPB
1064,C,432,7LPB
1065,C,433,7LPB
1066,C,434,7LPB
1067,C,435,7LPB
1068,C,436,7LPB
1069,C,437,7LPB
1070,C,438,7LPB
1071,C,439,7LPB
1072,C,440,7LPB
1073,C,441,7LPB
1074,C,442,7LPB
1075,C,443,7LPB
1076,C,444,7LPB
1077,C,445,7LPB
1078,C,446,7LPB
1079,C,447,7LPB
1080,C,448,7LPB
1081,C,449,7LPB
1082,C,450,7LPB
1083,C,451,7LPB
1084,C,452,7LPB
1085,C,453,7LPB
1086,C,454,7LPB
1087,C,455,7LPB
1088,C,456,7LPB
1089,C,457,7LPB
1090,C,458,7LPB
1091,C,459,7LPB
1092,C,460,7LPB
1093,C,461,7LPB
1094,C,462,7LPB
1095,C,463,7LPB
1096,C,464,7LPB
1097,C,465,7LPB
1098,C,466,7LPB
1099,C,467,7LPB
1100,C,468,7LPB
1101,C,469,7LPB
1102,C,470,7LPB
1103,C,471,7LPB
1104,C,472,7LPB
1105,C,473,7LPB
1106,C,474,7LPB
1107,C,475,7LPB
1108,C,476,7LPB
1109,C,477,7LPB
1110,C,478,7LPB
1111,C,479,7LPB
1112,C,480,7LPB
1113,C,481,7LPB
1114,C,482,7LPB
1115,C,483,7LPB
1116,C,484,7LPB
1117,C,485,7LPB
1118,C,486,7LPB
1119,C,487,7LPB
1120,C,488,7LPB
1121,C,489,7LPB
1122,C,490,7LPB
1123,C,491,7LPB
1124,C,492,7LPB
1125,C,493,7LPB
1126,C,494,7LPB
1127,C,495,7LPB
1128,C,496,7LPB
1129,C,497,7LPB
1130,C,498,7LPB
1131,C,499,7LPB
1132,C,500,7LPB
1133,C,501,7LPB
1134,C,502,7LPB
1135,C,503,7LPB
1136,C,504,7LPB
1137,C,505,7LPB
1138,C,506,7LPB
1139,C,507,7LPB
1140,C,508,7LPB
1141,C,509,7LPB
1142,C,510,7LPB
1143,C,511,7LPB
1144,C,512,7LPB
1145,C,513,7LPB
1146,C,514,7LPB
1147,C,515,7LPB
1148,C,516,7LPB
1149,C,517,7LPB
1150,C,518,7LPB
1151,C,519,7LPB
1152,C,520,7LPB
1153,C,521,7LPB
1154,C,522,7LPB
1155,C,523,7LPB
1156,C,524,7LPB
1157,C,525,7LPB
1158,C,526,7LPB
1159,C,527,7LPB
1160,C,528,7LPB
1161,C,529,7LPB
1162,C,530,7LPB
1163,C,531,7LPB
1164,C,532,7LPB
1165,C,533,7LPB
1166,C,534,7LPB
1167,C,535,7LPB
1168,C,536,7LPB
1169,C,537,7LPB
1170,C,538,7LPB
1171,C,539,7LPB
1172,C,540,7LPB
1173,C,541,7LPB
1174,C,542,7LPB
1175,C,543,7LPB
1176,C,544,7LPB
1177,C,545,7LPB
1178,C,546,7LPB
1179,C,547,7LPB
1180,C,548,7LPB
1181,C,549,7LPB
1182,C,550,7LPB
1183,C,551,7LPB
1184,C,552,7LPB
1185,C,553,7LPB
1186,C,554,7LPB
1187,C,555,7LPB
1188,C,556,7LPB
1189,C,557,7LPB
1190,C,558,7LPB
1191,C,559,7LPB
1192,C,560,7LPB
1193,C,561,7LPB
1194,C,562,7LPB
1195,C,563,7LPB
1196,C,564,7LPB
1197,C,565,7LPB
1198,C,566,7LPB
1199,C,567,7LPB
1200,C,568,7LPB
1201,C,569,7LPB
1202,C,570,7LPB
1203,C,571,7LPB
1204,C,572,7LPB
1205,C,573,7LPB
1206,C,574,7LPB
1207,C,575,7LPB
1208,C,576,7LPB
1209,C,577,7LPB
1210,C,578,7LPB
1211,C,579,7LPB
1212,C,580,7LPB
1213,C,581,7LPB
1214,C,582,7LPB
1215,C,583,7LPB
1216,C,584,7LPB
1217,C,585,7LPB
1218,C,586,7LPB
1219,C,587,7LPB
1220,C,588,7LPB
1221,C,589,7LPB
1222,C,590,7LPB
1223,C,591,7LPB
1224,C,592,7LPB
1225,C,593,7LPB
1226,C,594,7LPB
1227,C,595,7LPB
1228,C,596,7LPB
1229,C,597,7LPB
1230,C,598,7LPB
1231,C,599,7LPB
1232,C,600,7LPB
1233,C,601,7LPB
1234,C,602,7LPB
1235,C,625,7LPB
1236,C,626,7LPB
1237,C,627,7LPB
1238,C,628,7LPB
1239,C,629,7LPB
1240,C,630,7LPB
1241,C,631,7LPB
1242,C,632,7LPB
1243,C,633,7LPB
1244,C,634,7LPB
1245,C,635,7LPB
1246,C,636,7LPB
1247,C,637,7LPB
1248,C,638,7LPB
1249,C,639,7LPB
1250,C,640,7LPB
1251,C,641,7LPB
1252,C,642,7LPB
1253,C,643,7LPB
1254,C,644,7LPB
1255,C,645,7LPB
1256,C,646,7LPB
1257,C,647,7LPB
1258,C,648,7LPB
1259,C,649,7LPB
1260,C,650,7LPB
1261,C,651,7LPB
1262,C,652,7LPB
1263,C,653,7LPB
1264,C,654,7LPB
1265,C,655,7LPB
1266,C,656,7LPB
1267,C,657,7LPB
1268,C,658,7LPB
1269,C,659,7LPB
1270,C,660,7LPB
1271,C,661,7LPB
1272,C,662,7LPB
1273,C,663,7LPB
1274,C,664,7LPB
1275,C,665,7LPB
1276,C,666,7LPB
1277,C,667,7LPB
1278,C,668,7LPB
1279,C,669,7LPB
1280,C,670,7LPB
1281,C,671,7LPB
1282,C,672,7LPB
1283,C,673,7LPB
1284,C,674,7LPB
1285,C,675,7LPB
1286,C,676,7LPB
1287,C,677,7LPB
1288,C,678,7LPB
1289,C,679,7LPB
1290,C,680,7LPB
1291,C,681,7LPB
1292,C,682,7LPB
1293,C,683,7LPB
1294,C,684,7LPB
1295,C,685,7LPB
1296,C,686,7LPB
1297,C,687,7LPB
1298,C,688,7LPB
1299,C,689,7LPB
1300,C,690,7LPB
1301,C,691,7LPB
1302,C,692,7LPB
1303,C,693,7LPB
1304,C,694,7LPB
1305,C,695,7LPB
1306,C,696,7LPB
1307,C,697,7LPB
1308,C,698,7LPB
1309,C,699,7LPB
1310,C,700,7LPB
1311,C,701,7LPB
1312,C,702,7LPB
1313,C,703,7LPB
1314,C,704,7LPB
1315,C,705,7LPB
1316,C,706,7LPB
1317,C,707,7LPB
1318,C,708,7LPB
1319,C,709,7LPB
1320,C,710,7LPB
1321,C,711,7LPB
1322,C,712,7LPB
1323,C,713,7LPB
1324,C,714,7LPB
1325,C,715,7LPB
1326,C,716,7LPB
1327,C,717,7LPB
1328,C,718,7LPB
1329,C,719,7LPB
1330,C,720,7LPB
1331,C,721,7LPB
1332,C,722,7LPB
1333,C,723,7LPB
1334,C,724,7LPB
1335,C,725,7LPB
1336,C,726,7LPB
1337,C,727,7LPB
1338,C,728,7LPB
1339,C,729,7LPB
1340,C,730,7LPB
1341,C,731,7LPB
1342,C,732,7LPB
1343,C,733,7LPB
1344,C,734,7LPB
1345,C,735,7LPB
1346,C,736,7LPB
1347,C,737,7LPB
1348,C,738,7LPB
1349,C,739,7LPB
1350,C,740,7LPB
1351,C,741,7LPB
1352,C,742,7LPB
1353,C,743,7LPB
1354,C,744,7LPB
1355,C,745,7LPB
1356,C,746,7LPB
1357,C,747,7LPB
1358,C,748,7LPB
1359,C,749,7LPB
1360,C,750,7LPB
1361,C,751,7LPB
1362,C,752,7LPB
1363,D,277,7LPB
1364,D,278,7LPB
1365,D,279,7LPB
1366,D,280,7LPB
1367,D,281,7LPB
1368,D,282,7LPB
1369,D,283,7LPB
1370,D,284,7LPB
1371,D,285,7LPB
1372,D,286,7LPB
1373,D,287,7LPB
1374,D,288,7LPB
1375,D,289,7LPB
1376,D,290,7LPB
1377,D,291,7LPB
1378,D,292,7LPB
1379,D,293,7LPB
1380,D,294,7LPB
1381,D,295,7LPB
1382,D,296,7LPB
1383,D,297,7LPB
1384,D,298,7LPB
1385,D,299,7LPB
1386,D,300,7LPB
1387,D,301,7LPB
1388,D,302,7LPB
1389,D,303,7LPB
1390,D,304,7LPB
1391,D,305,7LPB
1392,D,306,7LPB
1393,D,307,7LPB
1394,D,308,7LPB
1395,D,309,7LPB
1396,D,310,7LPB
1397,D,311,7LPB
1398,D,312,7LPB
1399,D,313,7LPB
1400,D,314,7LPB
1401,D,315,7LPB
1402,D,316,7LPB
1403,D,317,7LPB
1404,D,318,7LPB
1405,D,319,7LPB
1406,D,320,7LPB
1407,D,321,7LPB
1408,D,322,7LPB
1409,D,323,7LPB
1410,D,324,7LPB
1411,D,325,7LPB
1412,D,326,7LPB
1413,D,327,7LPB
1414,D,328,7LPB
1415,D,329,7LPB
1416,D,330,7LPB
1417,D,331,7LPB
1418,D,332,7LPB
1419,D,333,7LPB
1420,D,334,7LPB
1421,D,335,7LPB
1422,D,336,7LPB
1423,D,337,7LPB
1424,D,338,7LPB
1425,D,339,7LPB
1426,D,340,7LPB
1427,D,341,7LPB
1428,D,342,7LPB
1429,D,343,7LPB
1430,D,344,7LPB
1431,D,345,7LPB
1432,D,346,7LPB
1433,D,347,7LPB
1434,D,348,7LPB
1435,D,349,7LPB
1436,D,350,7LPB
1437,D,351,7LPB
1438,D,352,7LPB
1439,D,353,7LPB
1440,D,354,7LPB
1441,D,355,7LPB
1442,D,356,7LPB
1443,D,357,7LPB
1444,D,358,7LPB
1445,D,359,7LPB
1446,D,360,7LPB
1447,D,361,7LPB
1448,D,362,7LPB
1449,D,363,7LPB
1450,D,364,7LPB
1451,D,365,7LPB
1452,D,366,7LPB
1453,D,367,7LPB
1454,D,368,7LPB
1455,D,369,7LPB
1456,D,370,7LPB
1457,D,371,7LPB
1458,D,372,7LPB
1459,D,373,7LPB
1460,D,374,7LPB
1461,D,375,7LPB
1462,D,376,7LPB
1463,D,377,7LPB
1464,D,378,7LPB
1465,D,379,7LPB
1466,D,380,7LPB
1467,D,381,7LPB
1468,D,382,7LPB
1469,D,383,7LPB
1470,D,384,7LPB
1471,D,385,7LPB
1472,D,386,7LPB
1473,D,387,7LPB
1474,D,388,7LPB
1475,D,389,7LPB
1476,D,390,7LPB
1477,D,391,7LPB
1478,D,392,7LPB
1479,D,393,7LPB
1480,D,394,7LPB
1481,D,395,7LPB
1482,D,396,7LPB
1483,D,397,7LPB
1484,D,398,7LPB
1485,D,399,7LPB
1486,D,400,7LPB
1487,D,401,7LPB
1488,D,402,7LPB
1489,D,403,7LPB
1490,D,404,7LPB
1491,D,405,7LPB
1492,D,406,7LPB
1493,D,407,7LPB
1494,D,408,7LPB
1495,D,409,7LPB
1496,D,410,7LPB
1497,D,411,7LPB
1498,D,412,7LPB
1499,D,413,7LPB
1500,D,414,7LPB
1501,D,415,7LPB
1502,D,416,7LPB
1503,D,417,7LPB
1504,D,418,7LPB
1505,D,419,7LPB
1506,D,420,7LPB
1507,D,421,7LPB
1508,D,422,7LPB
1509,D,423,7LPB
1510,D,424,7LPB
1511,D,425,7LPB
1512,D,426,7LPB
1513,D,427,7LPB
1514,D,428,7LPB
1515,D,429,7LPB
1516,D,430,7LPB
1517,D,431,7LPB
1518,D,432,7LPB
1519,D,433,7LPB
1520,D,434,7LPB
1521,D,435,7LPB
1522,D,436,7LPB
1523,D,437,7LPB
1524,D,438,7LPB
1525,D,439,7LPB
1526,D,440,7LPB
1527,D,441,7LPB
1528,D,442,7LPB
1529,D,443,7LPB
1530,D,444,7LPB
1531,D,445,7LPB
1532,D,446,7LPB
1533,D,447,7LPB
1534,D,448,7LPB
1535,D,449,7LPB
1536,D,450,7LPB
1537,D,451,7LPB
1538,D,452,7LPB
1539,D,453,7LPB
1540,D,454,7LPB
1541,D,455,7LPB
1542,D,456,7LPB
1543,D,457,7LPB
1544,D,458,7LPB
1545,D,459,7LPB
1546,D,460,7LPB
1547,D,461,7LPB
1548,D,462,7LPB
1549,D,463,7LPB
1550,D,464,7LPB
1551,D,465,7LPB
1552,D,466,7LPB
1553,D,467,7LPB
1554,D,468,7LPB
1555,D,469,7LPB
1556,D,470,7LPB
1557,D,471,7LPB
1558,D,472,7LPB
1559,D,473,7LPB
1560,D,474,7LPB
1561,D,475,7LPB
1562,D,476,7LPB
1563,D,477,7LPB
1564,D,478,7LPB
1565,D,479,7LPB
1566,D,480,7LPB
1567,D,481,7LPB
1568,D,482,7LPB
1569,D,483,7LPB
1570,D,484,7LPB
1571,D,485,7LPB
1572,D,486,7LPB
1573,D,487,7LPB
1574,D,488,7LPB
1575,D,489,7LPB
1576,D,490,7LPB
1577,D,491,7LPB
1578,D,492,7LPB
1579,D,493,7LPB
1580,D,494,7LPB
1581,D,495,7LPB
1582,D,496,7LPB
1583,D,497,7LPB
1584,D,498,7LPB
1585,D,499,7LPB
1586,D,500,7LPB
1587,D,501,7LPB
1588,D,502,7LPB
1589,D,503,7LPB
1590,D,504,7LPB
1591,D,505,7LPB
1592,D,506,7LPB
1593,D,507,7LPB
1594,D,508,7LPB
1595,D,509,7LPB
1596,D,510,7LPB
1597,D,511,7LPB
1598,D,512,7LPB
1599,D,513,7LPB
1600,D,514,7LPB
1601,D,515,7LPB
1602,D,516,7LPB
1603,D,517,7LPB
1604,D,518,7LPB
1605,D,519,7LPB
1606,D,520,7LPB
1607,D,521,7LPB
1608,D,522,7LPB
1609,D,523,7LPB
1610,D,524,7LPB
1611,D,525,7LPB
1612,D,526,7LPB
1613,D,527,7LPB
1614,D,528,7LPB
1615,D,529,7LPB
1616,D,530,7LPB
1617,D,531,7LPB
1618,D,532,7LPB
1619,D,533,7LPB
1620,D,534,7LPB
1621,D,535,7LPB
1622,D,536,7LPB
1623,D,537,7LPB
1624,D,538,7LPB
1625,D,539,7LPB
1626,D,540,7LPB
1627,D,541,7LPB
1628,D,542,7LPB
1629,D,543,7LPB
1630,D,544,7LPB
1631,D,545,7LPB
1632,D,546,7LPB
1633,D,547,7LPB
1634,D,548,7LPB
1635,D,549,7LPB
1636,D,550,7LPB
1637,D,551,7LPB
1638,D,552,7LPB
1639,D,553,7LPB
1640,D,554,7LPB
1641,D,555,7LPB
1642,D,556,7LPB
1643,D,557,7LPB
1644,D,558,7LPB
1645,D,559,7LPB
1646,D,560,7LPB
1647,D,561,7LPB
1648,D,562,7LPB
1649,D,563,7LPB
1650,D,564,7LPB
1651,D,565,7LPB
1652,D,566,7LPB
1653,D,567,7LPB
1654,D,568,7LPB
1655,D,569,7LPB
1656,D,570,7LPB
1657,D,571,7LPB
1658,D,572,7LPB
1659,D,573,7LPB
1660,D,574,7LPB
1661,D,575,7LPB
1662,D,576,7LPB
1663,D,577,7LPB
1664,D,578,7LPB
1665,D,579,7LPB
1666,D,580,7LPB
1667,D,581,7LPB
1668,D,582,7LPB
1669,D,583,7LPB
1670,D,584,7LPB
1671,D,585,7LPB
1672,D,586,7LPB
1673,D,587,7LPB
1674,D,588,7LPB
1675,D,589,7LPB
1676,D,590,7LPB
1677,D,591,7LPB
1678,D,592,7LPB
1679,D,593,7LPB
1680,D,594,7LPB
1681,D,595,7LPB
1682,D,596,7LPB
1683,D,597,7LPB
1684,D,598,7LPB
1685,D,599,7LPB
1686,D,600,7LPB
1687,D,601,7LPB
1688,D,602,7LPB
1689,D,625,7LPB
1690,D,626,7LPB
1691,D,627,7LPB
1692,D,628,7LPB
1693,D,629,7LPB
1694,D,630,7LPB
1695,D,631,7LPB
1696,D,632,7LPB
1697,D,633,7LPB
1698,D,634,7LPB
1699,D,635,7LPB
1700,D,636,7LPB
1701,D,637,7LPB
1702,D,638,7LPB
1703,D,639,7LPB
1704,D,640,7LPB
1705,D,641,7LPB
1706,D,642,7LPB
1707,D,643,7LPB
1708,D,644,7LPB
1709,D,645,7LPB
1710,D,646,7LPB
1711,D,647,7LPB
1712,D,648,7LPB
1713,D,649,7LPB
1714,D,650,7LPB
1715,D,651,7LPB
1716,D,652,7LPB
1717,D,653,7LPB
1718,D,654,7LPB
1719,D,655,7LPB
1720,D,656,7LPB
1721,D,657,7LPB
1722,D,658,7LPB
1723,D,659,7LPB
1724,D,660,7LPB
1725,D,661,7LPB
1726,D,662,7LPB
1727,D,663,7LPB
1728,D,664,7LPB
1729,D,665,7LPB
1730,D,666,7LPB
1731,D,667,7LPB
1732,D,668,7LPB
1733,D,669,7LPB
1734,D,670,7LPB
1735,D,671,7LPB
1736,D,672,7LPB
1737,D,673,7LPB
1738,D,674,7LPB
1739,D,675,7LPB
1740,D,676,7LPB
1741,D,677,7LPB
1742,D,678,7LPB
1743,D,679,7LPB
1744,D,680,7LPB
1745,D,681,7LPB
1746,D,682,7LPB
1747,D,683,7LPB
1748,D,684,7LPB
1749,D,685,7LPB
1750,D,686,7LPB
1751,D,687,7LPB
1752,D,688,7LPB
1753,D,689,7LPB
1754,D,690,7LPB
1755,D,691,7LPB
1756,D,692,7LPB
1757,D,693,7LPB
1758,D,694,7LPB
1759,D,695,7LPB
1760,D,696,7LPB
1761,D,697,7LPB
1762,D,698,7LPB
1763,D,699,7LPB
1764,D,700,7LPB
1765,D,701,7LPB
1766,D,702,7LPB
1767,D,703,7LPB
1768,D,704,7LPB
1769,D,705,7LPB
1770,D,706,7LPB
1771,D,707,7LPB
1772,D,708,7LPB
1773,D,709,7LPB
1774,D,710,7LPB
1775,D,711,7LPB
1776,D,712,7LPB
1777,D,713,7LPB
1778,D,714,7LPB
1779,D,715,7LPB
1780,D,716,7LPB
1781,D,717,7LPB
1782,D,718,7LPB
1783,D,719,7LPB
1784,D,720,7LPB
1785,D,721,7LPB
1786,D,722,7LPB
1787,D,723,7LPB
1788,D,724,7LPB
1789,D,725,7LPB
1790,D,726,7LPB
1791,D,727,7LPB
1792,D,728,7LPB
1793,D,729,7LPB
1794,D,730,7LPB
1795,D,731,7LPB
1796,D,732,7LPB
1797,D,733,7LPB
1798,D,734,7LPB
1799,D,735,7LPB
1800,D,736,7LPB
1801,D,737,7LPB
1802,D,738,7LPB
1803,D,739,7LPB
1804,D,740,7LPB
1805,D,741,7LPB
1806,D,742,7LPB
1807,D,743,7LPB
1808,D,744,7LPB
1809,D,745,7LPB
1810,D,746,7LPB
1811,D,747,7LPB
1812,D,748,7LPB
1813,D,749,7LPB
1814,D,750,7LPB
1815,D,751,7LPB
1816,D,752,7LPB
1,A,277,7LPC
2,A,278,7LPC
3,A,279,7LPC
4,A,280,7LPC
5,A,281,7LPC
6,A,282,7LPC
7,A,283,7LPC
8,A,284,7LPC
9,A,285,7LPC
10,A,286,7LPC
11,A,287,7LPC
12,A,288,7LPC
13,A,289,7LPC
14,A,290,7LPC
15,A,291,7LPC
16,A,292,7LPC
17,A,293,7LPC
18,A,294,7LPC
19,A,295,7LPC
20,A,296,7LPC
21,A,297,7LPC
22,A,298,7LPC
23,A,299,7LPC
24,A,300,7LPC
25,A,301,7LPC
26,A,302,7LPC
27,A,303,7LPC
28,A,304,7LPC
29,A,305,7LPC
30,A,306,7LPC
31,A,307,7LPC
32,A,308,7LPC
33,A,309,7LPC
34,A,310,7LPC
35,A,311,7LPC
36,A,312,7LPC
37,A,313,7LPC
38,A,314,7LPC
39,A,315,7LPC
40,A,316,7LPC
41,A,317,7LPC
42,A,318,7LPC
43,A,319,7LPC
44,A,320,7LPC
45,A,321,7LPC
46,A,322,7LPC
47,A,323,7LPC
48,A,324,7LPC
49,A,325,7LPC
50,A,326,7LPC
51,A,327,7LPC
52,A,328,7LPC
53,A,329,7LPC
54,A,330,7LPC
55,A,331,7LPC
56,A,332,7LPC
57,A,333,7LPC
58,A,334,7LPC
59,A,335,7LPC
60,A,336,7LPC
61,A,337,7LPC
62,A,338,7LPC
63,A,339,7LPC
64,A,340,7LPC
65,A,341,7LPC
66,A,342,7LPC
67,A,343,7LPC
68,A,344,7LPC
69,A,345,7LPC
70,A,346,7LPC
71,A,347,7LPC
72,A,348,7LPC
73,A,349,7LPC
74,A,350,7LPC
75,A,351,7LPC
76,A,352,7LPC
77,A,353,7LPC
78,A,354,7LPC
79,A,355,7LPC
80,A,356,7LPC
81,A,357,7LPC
82,A,358,7LPC
83,A,359,7LPC
84,A,360,7LPC
85,A,361,7LPC
86,A,362,7LPC
87,A,363,7LPC
88,A,364,7LPC
89,A,365,7LPC
90,A,366,7LPC
91,A,367,7LPC
92,A,368,7LPC
93,A,369,7LPC
94,A,370,7LPC
95,A,371,7LPC
96,A,372,7LPC
97,A,373,7LPC
98,A,374,7LPC
99,A,375,7LPC
100,A,376,7LPC
101,A,377,7LPC
102,A,378,7LPC
103,A,379,7LPC
104,A,380,7LPC
105,A,381,7LPC
106,A,382,7LPC
107,A,383,7LPC
108,A,384,7LPC
109,A,385,7LPC
110,A,386,7LPC
111,A,387,7LPC
112,A,388,7LPC
113,A,389,7LPC
114,A,390,7LPC
115,A,391,7LPC
116,A,392,7LPC
117,A,393,7LPC
118,A,394,7LPC
119,A,395,7LPC
120,A,396,7LPC
121,A,397,7LPC
122,A,398,7LPC
123,A,399,7LPC
124,A,400,7LPC
125,A,401,7LPC
126,A,402,7LPC
127,A,403,7LPC
128,A,404,7LPC
129,A,405,7LPC
130,A,406,7LPC
131,A,407,7LPC
132,A,408,7LPC
133,A,409,7LPC
134,A,410,7LPC
135,A,411,7LPC
136,A,412,7LPC
137,A,413,7LPC
138,A,414,7LPC
139,A,415,7LPC
140,A,416,7LPC
141,A,417,7LPC
142,A,418,7LPC
143,A,419,7LPC
144,A,420,7LPC
145,A,421,7LPC
146,A,422,7LPC
147,A,423,7LPC
148,A,424,7LPC
149,A,425,7LPC
150,A,426,7LPC
151,A,427,7LPC
152,A,428,7LPC
153,A,429,7LPC
154,A,430,7LPC
155,A,431,7LPC
156,A,432,7LPC
157,A,433,7LPC
158,A,434,7LPC
159,A,435,7LPC
160,A,436,7LPC
161,A,437,7LPC
162,A,438,7LPC
163,A,439,7LPC
164,A,440,7LPC
165,A,441,7LPC
166,A,442,7LPC
167,A,443,7LPC
168,A,444,7LPC
169,A,445,7LPC
170,A,446,7LPC
171,A,447,7LPC
172,A,448,7LPC
173,A,449,7LPC
174,A,450,7LPC
175,A,451,7LPC
176,A,452,7LPC
177,A,453,7LPC
178,A,454,7LPC
179,A,455,7LPC
180,A,456,7LPC
181,A,457,7LPC
182,A,458,7LPC
183,A,459,7LPC
184,A,460,7LPC
185,A,461,7LPC
186,A,462,7LPC
187,A,463,7LPC
188,A,464,7LPC
189,A,465,7LPC
190,A,466,7LPC
191,A,467,7LPC
192,A,468,7LPC
193,A,469,7LPC
194,A,470,7LPC
195,A,471,7LPC
196,A,472,7LPC
197,A,473,7LPC
198,A,474,7LPC
199,A,475,7LPC
200,A,476,7LPC
201,A,477,7LPC
202,A,478,7LPC
203,A,479,7LPC
204,A,480,7LPC
205,A,481,7LPC
206,A,482,7LPC
207,A,483,7LPC
208,A,484,7LPC
209,A,485,7LPC
210,A,486,7LPC
211,A,487,7LPC
212,A,488,7LPC
213,A,489,7LPC
214,A,490,7LPC
215,A,491,7LPC
216,A,492,7LPC
217,A,493,7LPC
218,A,494,7LPC
219,A,495,7LPC
220,A,496,7LPC
221,A,497,7LPC
222,A,498,7LPC
223,A,499,7LPC
224,A,500,7LPC
225,A,501,7LPC
226,A,502,7LPC
227,A,503,7LPC
228,A,504,7LPC
229,A,505,7LPC
230,A,506,7LPC
231,A,507,7LPC
232,A,508,7LPC
233,A,509,7LPC
234,A,510,7LPC
235,A,511,7LPC
236,A,512,7LPC
237,A,513,7LPC
238,A,514,7LPC
239,A,515,7LPC
240,A,516,7LPC
241,A,517,7LPC
242,A,518,7LPC
243,A,519,7LPC
244,A,520,7LPC
245,A,521,7LPC
246,A,522,7LPC
247,A,523,7LPC
248,A,524,7LPC
249,A,525,7LPC
250,A,526,7LPC
251,A,527,7LPC
252,A,528,7LPC
253,A,529,7LPC
254,A,530,7LPC
255,A,531,7LPC
256,A,532,7LPC
257,A,533,7LPC
258,A,534,7LPC
259,A,535,7LPC
260,A,536,7LPC
261,A,537,7LPC
262,A,538,7LPC
263,A,539,7LPC
264,A,540,7LPC
265,A,541,7LPC
266,A,542,7LPC
267,A,543,7LPC
268,A,544,7LPC
269,A,545,7LPC
270,A,546,7LPC
271,A,547,7LPC
272,A,548,7LPC
273,A,549,7LPC
274,A,550,7LPC
275,A,551,7LPC
276,A,552,7LPC
277,A,553,7LPC
278,A,554,7LPC
279,A,555,7LPC
280,A,556,7LPC
281,A,557,7LPC
282,A,558,7LPC
283,A,559,7LPC
284,A,560,7LPC
285,A,561,7LPC
286,A,562,7LPC
287,A,563,7LPC
288,A,564,7LPC
289,A,565,7LPC
290,A,566,7LPC
291,A,567,7LPC
292,A,568,7LPC
293,A,569,7LPC
294,A,570,7LPC
295,A,571,7LPC
296,A,572,7LPC
297,A,573,7LPC
298,A,574,7LPC
299,A,575,7LPC
300,A,576,7LPC
301,A,577,7LPC
302,A,578,7LPC
303,A,579,7LPC
304,A,580,7LPC
305,A,581,7LPC
306,A,582,7LPC
307,A,583,7LPC
308,A,584,7LPC
309,A,585,7LPC
310,A,586,7LPC
311,A,587,7LPC
312,A,588,7LPC
313,A,589,7LPC
314,A,590,7LPC
315,A,591,7LPC
316,A,592,7LPC
317,A,593,7LPC
318,A,594,7LPC
319,A,595,7LPC
320,A,596,7LPC
321,A,597,7LPC
322,A,598,7LPC
323,A,599,7LPC
324,A,600,7LPC
325,A,601,7LPC
326,A,602,7LPC
327,A,625,7LPC
328,A,626,7LPC
329,A,627,7LPC
330,A,628,7LPC
331,A,629,7LPC
332,A,630,7LPC
333,A,631,7LPC
334,A,632,7LPC
335,A,633,7LPC
336,A,634,7LPC
337,A,635,7LPC
338,A,636,7LPC
339,A,637,7LPC
340,A,638,7LPC
341,A,639,7LPC
342,A,640,7LPC
343,A,641,7LPC
344,A,642,7LPC
345,A,643,7LPC
346,A,644,7LPC
347,A,645,7LPC
348,A,646,7LPC
349,A,647,7LPC
350,A,648,7LPC
351,A,649,7LPC
352,A,650,7LPC
353,A,651,7LPC
354,A,652,7LPC
355,A,653,7LPC
356,A,654,7LPC
357,A,655,7LPC
358,A,656,7LPC
359,A,657,7LPC
360,A,658,7LPC
361,A,659,7LPC
362,A,660,7LPC
363,A,661,7LPC
364,A,662,7LPC
365,A,663,7LPC
366,A,664,7LPC
367,A,665,7LPC
368,A,666,7LPC
369,A,667,7LPC
370,A,668,7LPC
371,A,669,7LPC
372,A,670,7LPC
373,A,671,7LPC
374,A,672,7LPC
375,A,673,7LPC
376,A,674,7LPC
377,A,675,7LPC
378,A,676,7LPC
379,A,677,7LPC
380,A,678,7LPC
381,A,679,7LPC
382,A,680,7LPC
383,A,681,7LPC
384,A,682,7LPC
385,A,683,7LPC
386,A,684,7LPC
387,A,685,7LPC
388,A,686,7LPC
389,A,687,7LPC
390,A,688,7LPC
391,A,689,7LPC
392,A,690,7LPC
393,A,691,7LPC
394,A,692,7LPC
395,A,693,7LPC
396,A,694,7LPC
397,A,695,7LPC
398,A,696,7LPC
399,A,697,7LPC
400,A,698,7LPC
401,A,699,7LPC
402,A,700,7LPC
403,A,701,7LPC
404,A,702,7LPC
405,A,703,7LPC
406,A,704,7LPC
407,A,705,7LPC
408,A,706,7LPC
409,A,707,7LPC
410,A,708,7LPC
411,A,709,7LPC
412,A,710,7LPC
413,A,711,7LPC
414,A,712,7LPC
415,A,713,7LPC
416,A,714,7LPC
417,A,715,7LPC
418,A,716,7LPC
419,A,717,7LPC
420,A,718,7LPC
421,A,719,7LPC
422,A,720,7LPC
423,A,721,7LPC
424,A,722,7LPC
425,A,723,7LPC
426,A,724,7LPC
427,A,725,7LPC
428,A,726,7LPC
429,A,727,7LPC
430,A,728,7LPC
431,A,729,7LPC
432,A,730,7LPC
433,A,731,7LPC
434,A,732,7LPC
435,A,733,7LPC
436,A,734,7LPC
437,A,735,7LPC
438,A,736,7LPC
439,A,737,7LPC
440,A,738,7LPC
441,A,739,7LPC
442,A,740,7LPC
443,A,741,7LPC
444,A,742,7LPC
445,A,743,7LPC
446,A,744,7LPC
447,A,745,7LPC
448,A,746,7LPC
449,A,747,7LPC
450,A,748,7LPC
451,A,749,7LPC
452,A,750,7LPC
453,A,751,7LPC
454,A,752,7LPC
455,B,277,7LPC
456,B,278,7LPC
457,B,279,7LPC
458,B,280,7LPC
459,B,281,7LPC
460,B,282,7LPC
461,B,283,7LPC
462,B,284,7LPC
463,B,285,7LPC
464,B,286,7LPC
465,B,287,7LPC
466,B,288,7LPC
467,B,289,7LPC
468,B,290,7LPC
469,B,291,7LPC
470,B,292,7LPC
471,B,293,7LPC
472,B,294,7LPC
473,B,295,7LPC
474,B,296,7LPC
475,B,297,7LPC
476,B,298,7LPC
477,B,299,7LPC
478,B,300,7LPC
479,B,301,7LPC
480,B,302,7LPC
481,B,303,7LPC
482,B,304,7LPC
483,B,305,7LPC
484,B,306,7LPC
485,B,307,7LPC
486,B,308,7LPC
487,B,309,7LPC
488,B,310,7LPC
489,B,311,7LPC
490,B,312,7LPC
491,B,313,7LPC
492,B,314,7LPC
493,B,315,7LPC
494,B,316,7LPC
495,B,317,7LPC
496,B,318,7LPC
497,B,319,7LPC
498,B,320,7LPC
499,B,321,7LPC
500,B,322,7LPC
501,B,323,7LPC
502,B,324,7LPC
503,B,325,7LPC
504,B,326,7LPC
505,B,327,7LPC
506,B,328,7LPC
507,B,329,7LPC
508,B,330,7LPC
509,B,331,7LPC
510,B,332,7LPC
511,B,333,7LPC
512,B,334,7LPC
513,B,335,7LPC
514,B,336,7LPC
515,B,337,7LPC
516,B,338,7LPC
517,B,339,7LPC
518,B,340,7LPC
519,B,341,7LPC
520,B,342,7LPC
521,B,343,7LPC
522,B,344,7LPC
523,B,345,7LPC
524,B,346,7LPC
525,B,347,7LPC
526,B,348,7LPC
527,B,349,7LPC
528,B,350,7LPC
529,B,351,7LPC
530,B,352,7LPC
531,B,353,7LPC
532,B,354,7LPC
533,B,355,7LPC
534,B,356,7LPC
535,B,357,7LPC
536,B,358,7LPC
537,B,359,7LPC
538,B,360,7LPC
539,B,361,7LPC
540,B,362,7LPC
541,B,363,7LPC
542,B,364,7LPC
543,B,365,7LPC
544,B,366,7LPC
545,B,367,7LPC
546,B,368,7LPC
547,B,369,7LPC
548,B,370,7LPC
549,B,371,7LPC
550,B,372,7LPC
551,B,373,7LPC
552,B,374,7LPC
553,B,375,7LPC
554,B,376,7LPC
555,B,377,7LPC
556,B,378,7LPC
557,B,379,7LPC
558,B,380,7LPC
559,B,381,7LPC
560,B,382,7LPC
561,B,383,7LPC
562,B,384,7LPC
563,B,385,7LPC
564,B,386,7LPC
565,B,387,7LPC
566,B,388,7LPC
567,B,389,7LPC
568,B,390,7LPC
569,B,391,7LPC
570,B,392,7LPC
571,B,393,7LPC
572,B,394,7LPC
573,B,395,7LPC
574,B,396,7LPC
575,B,397,7LPC
576,B,398,7LPC
577,B,399,7LPC
578,B,400,7LPC
579,B,401,7LPC
580,B,402,7LPC
581,B,403,7LPC
582,B,404,7LPC
583,B,405,7LPC
584,B,406,7LPC
585,B,407,7LPC
586,B,408,7LPC
587,B,409,7LPC
588,B,410,7LPC
589,B,411,7LPC
590,B,412,7LPC
591,B,413,7LPC
592,B,414,7LPC
593,B,415,7LPC
594,B,416,7LPC
595,B,417,7LPC
596,B,418,7LPC
597,B,419,7LPC
598,B,420,7LPC
599,B,421,7LPC
600,B,422,7LPC
601,B,423,7LPC
602,B,424,7LPC
603,B,425,7LPC
604,B,426,7LPC
605,B,427,7LPC
606,B,428,7LPC
607,B,429,7LPC
608,B,430,7LPC
609,B,431,7LPC
610,B,432,7LPC
611,B,433,7LPC
612,B,434,7LPC
613,B,435,7LPC
614,B,436,7LPC
615,B,437,7LPC
616,B,438,7LPC
617,B,439,7LPC
618,B,440,7LPC
619,B,441,7LPC
620,B,442,7LPC
621,B,443,7LPC
622,B,444,7LPC
623,B,445,7LPC
624,B,446,7LPC
625,B,447,7LPC
626,B,448,7LPC
627,B,449,7LPC
628,B,450,7LPC
629,B,451,7LPC
630,B,452,7LPC
631,B,453,7LPC
632,B,454,7LPC
633,B,455,7LPC
634,B,456,7LPC
635,B,457,7LPC
636,B,458,7LPC
637,B,459,7LPC
638,B,460,7LPC
639,B,461,7LPC
640,B,462,7LPC
641,B,463,7LPC
642,B,464,7LPC
643,B,465,7LPC
644,B,466,7LPC
645,B,467,7LPC
646,B,468,7LPC
647,B,469,7LPC
648,B,470,7LPC
649,B,471,7LPC
650,B,472,7LPC
651,B,473,7LPC
652,B,474,7LPC
653,B,475,7LPC
654,B,476,7LPC
655,B,477,7LPC
656,B,478,7LPC
657,B,479,7LPC
658,B,480,7LPC
659,B,481,7LPC
660,B,482,7LPC
661,B,483,7LPC
662,B,484,7LPC
663,B,485,7LPC
664,B,486,7LPC
665,B,487,7LPC
666,B,488,7LPC
667,B,489,7LPC
668,B,490,7LPC
669,B,491,7LPC
670,B,492,7LPC
671,B,493,7LPC
672,B,494,7LPC
673,B,495,7LPC
674,B,496,7LPC
675,B,497,7LPC
676,B,498,7LPC
677,B,499,7LPC
678,B,500,7LPC
679,B,501,7LPC
680,B,502,7LPC
681,B,503,7LPC
682,B,504,7LPC
683,B,505,7LPC
684,B,506,7LPC
685,B,507,7LPC
686,B,508,7LPC
687,B,509,7LPC
688,B,510,7LPC
689,B,511,7LPC
690,B,512,7LPC
691,B,513,7LPC
692,B,514,7LPC
693,B,515,7LPC
694,B,516,7LPC
695,B,517,7LPC
696,B,518,7LPC
697,B,519,7LPC
698,B,520,7LPC
699,B,521,7LPC
700,B,522,7LPC
701,B,523,7LPC
702,B,524,7LPC
703,B,525,7LPC
704,B,526,7LPC
705,B,527,7LPC
706,B,528,7LPC
707,B,529,7LPC
708,B,530,7LPC
709,B,531,7LPC
710,B,532,7LPC
711,B,533,7LPC
712,B,534,7LPC
713,B,535,7LPC
714,B,536,7LPC
715,B,537,7LPC
716,B,538,7LPC
717,B,539,7LPC
718,B,540,7LPC
719,B,541,7LPC
720,B,542,7LPC
721,B,543,7LPC
722,B,544,7LPC
723,B,545,7LPC
724,B,546,7LPC
725,B,547,7LPC
726,B,548,7LPC
727,B,549,7LPC
728,B,550,7LPC
729,B,551,7LPC
730,B,552,7LPC
731,B,553,7LPC
732,B,554,7LPC
733,B,555,7LPC
734,B,556,7LPC
735,B,557,7LPC
736,B,558,7LPC
737,B,559,7LPC
738,B,560,7LPC
739,B,561,7LPC
740,B,562,7LPC
741,B,563,7LPC
742,B,564,7LPC
743,B,565,7LPC
744,B,566,7LPC
745,B,567,7LPC
746,B,568,7LPC
747,B,569,7LPC
748,B,570,7LPC
749,B,571,7LPC
750,B,572,7LPC
751,B,573,7LPC
752,B,574,7LPC
753,B,575,7LPC
754,B,576,7LPC
755,B,577,7LPC
756,B,578,7LPC
757,B,579,7LPC
758,B,580,7LPC
759,B,581,7LPC
760,B,582,7LPC
761,B,583,7LPC
762,B,584,7LPC
763,B,585,7LPC
764,B,586,7LPC
765,B,587,7LPC
766,B,588,7LPC
767,B,589,7LPC
768,B,590,7LPC
769,B,591,7LPC
770,B,592,7LPC
771,B,593,7LPC
772,B,594,7LPC
773,B,595,7LPC
774,B,596,7LPC
775,B,597,7LPC
776,B,598,7LPC
777,B,599,7LPC
778,B,600,7LPC
779,B,601,7LPC
780,B,602,7LPC
781,B,625,7LPC
782,B,626,7LPC
783,B,627,7LPC
784,B,628,7LPC
785,B,629,7LPC
786,B,630,7LPC
787,B,631,7LPC
788,B,632,7LPC
789,B,633,7LPC
790,B,634,7LPC
791,B,635,7LPC
792,B,636,7LPC
793,B,637,7LPC
794,B,638,7LPC
795,B,639,7LPC
796,B,640,7LPC
797,B,641,7LPC
798,B,642,7LPC
799,B,643,7LPC
800,B,644,7LPC
801,B,645,7LPC
802,B,646,7LPC
803,B,647,7LPC
804,B,648,7LPC
805,B,649,7LPC
806,B,650,7LPC
807,B,651,7LPC
808,B,652,7LPC
809,B,653,7LPC
810,B,654,7LPC
811,B,655,7LPC
812,B,656,7LPC
813,B,657,7LPC
814,B,658,7LPC
815,B,659,7LPC
816,B,660,7LPC
817,B,661,7LPC
818,B,662,7LPC
819,B,663,7LPC
820,B,664,7LPC
821,B,665,7LPC
822,B,666,7LPC
823,B,667,7LPC
824,B,668,7LPC
825,B,669,7LPC
826,B,670,7LPC
827,B,671,7LPC
828,B,672,7LPC
829,B,673,7LPC
830,B,674,7LPC
831,B,675,7LPC
832,B,676,7LPC
833,B,677,7LPC
834,B,678,7LPC
835,B,679,7LPC
836,B,680,7LPC
837,B,681,7LPC
838,B,682,7LPC
839,B,683,7LPC
840,B,684,7LPC
841,B,685,7LPC
842,B,686,7LPC
843,B,687,7LPC
844,B,688,7LPC
845,B,689,7LPC
846,B,690,7LPC
847,B,691,7LPC
848,B,692,7LPC
849,B,693,7LPC
850,B,694,7LPC
851,B,695,7LPC
852,B,696,7LPC
853,B,697,7LPC
854,B,698,7LPC
855,B,699,7LPC
856,B,700,7LPC
857,B,701,7LPC
858,B,702,7LPC
859,B,703,7LPC
860,B,704,7LPC
861,B,705,7LPC
862,B,706,7LPC
863,B,707,7LPC
864,B,708,7LPC
865,B,709,7LPC
866,B,710,7LPC
867,B,711,7LPC
868,B,712,7LPC
869,B,713,7LPC
870,B,714,7LPC
871,B,715,7LPC
872,B,716,7LPC
873,B,717,7LPC
874,B,718,7LPC
875,B,719,7LPC
876,B,720,7LPC
877,B,721,7LPC
878,B,722,7LPC
879,B,723,7LPC
880,B,724,7LPC
881,B,725,7LPC
882,B,726,7LPC
883,B,727,7LPC
884,B,728,7LPC
885,B,729,7LPC
886,B,730,7LPC
887,B,731,7LPC
888,B,732,7LPC
889,B,733,7LPC
890,B,734,7LPC
891,B,735,7LPC
892,B,736,7LPC
893,B,737,7LPC
894,B,738,7LPC
895,B,739,7LPC
896,B,740,7LPC
897,B,741,7LPC
898,B,742,7LPC
899,B,743,7LPC
900,B,744,7LPC
901,B,745,7LPC
902,B,746,7LPC
903,B,747,7LPC
904,B,748,7LPC
905,B,749,7LPC
906,B,750,7LPC
907,B,751,7LPC
908,B,752,7LPC
909,C,277,7LPC
910,C,278,7LPC
911,C,279,7LPC
912,C,280,7LPC
913,C,281,7LPC
914,C,282,7LPC
915,C,283,7LPC
916,C,284,7LPC
917,C,285,7LPC
918,C,286,7LPC
919,C,287,7LPC
920,C,288,7LPC
921,C,289,7LPC
922,C,290,7LPC
923,C,291,7LPC
924,C,292,7LPC
925,C,293,7LPC
926,C,294,7LPC
927,C,295,7LPC
928,C,296,7LPC
929,C,297,7LPC
930,C,298,7LPC
931,C,299,7LPC
932,C,300,7LPC
933,C,301,7LPC
934,C,302,7LPC
935,C,303,7LPC
936,C,304,7LPC
937,C,305,7LPC
938,C,306,7LPC
939,C,307,7LPC
940,C,308,7LPC
941,C,309,7LPC
942,C,310,7LPC
943,C,311,7LPC
944,C,312,7LPC
945,C,313,7LPC
946,C,314,7LPC
947,C,315,7LPC
948,C,316,7LPC
949,C,317,7LPC
950,C,318,7LPC
951,C,319,7LPC
952,C,320,7LPC
953,C,321,7LPC
954,C,322,7LPC
955,C,323,7LPC
956,C,324,7LPC
957,C,325,7LPC
958,C,326,7LPC
959,C,327,7LPC
960,C,328,7LPC
961,C,329,7LPC
962,C,330,7LPC
963,C,331,7LPC
964,C,332,7LPC
965,C,333,7LPC
966,C,334,7LPC
967,C,335,7LPC
968,C,336,7LPC
969,C,337,7LPC
970,C,338,7LPC
971,C,339,7LPC
972,C,340,7LPC
973,C,341,7LPC
974,C,342,7LPC
975,C,343,7LPC
976,C,344,7LPC
977,C,345,7LPC
978,C,346,7LPC
979,C,347,7LPC
980,C,348,7LPC
981,C,349,7LPC
982,C,350,7LPC
983,C,351,7LPC
984,C,352,7LPC
985,C,353,7LPC
986,C,354,7LPC
987,C,355,7LPC
988,C,356,7LPC
989,C,357,7LPC
990,C,358,7LPC
991,C,359,7LPC
992,C,360,7LPC
993,C,361,7LPC
994,C,362,7LPC
995,C,363,7LPC
996,C,364,7LPC
997,C,365,7LPC
998,C,366,7LPC
999,C,367,7LPC
1000,C,368,7LPC
1001,C,369,7LPC
1002,C,370,7LPC
1003,C,371,7LPC
1004,C,372,7LPC
1005,C,373,7LPC
1006,C,374,7LPC
1007,C,375,7LPC
1008,C,376,7LPC
1009,C,377,7LPC
1010,C,378,7LPC
1011,C,379,7LPC
1012,C,380,7LPC
1013,C,381,7LPC
1014,C,382,7LPC
1015,C,383,7LPC
1016,C,384,7LPC
1017,C,385,7LPC
1018,C,386,7LPC
1019,C,387,7LPC
1020,C,388,7LPC
1021,C,389,7LPC
1022,C,390,7LPC
1023,C,391,7LPC
1024,C,392,7LPC
1025,C,393,7LPC
1026,C,394,7LPC
1027,C,395,7LPC
1028,C,396,7LPC
1029,C,397,7LPC
1030,C,398,7LPC
1031,C,399,7LPC
1032,C,400,7LPC
1033,C,401,7LPC
1034,C,402,7LPC
1035,C,403,7LPC
1036,C,404,7LPC
1037,C,405,7LPC
1038,C,406,7LPC
1039,C,407,7LPC
1040,C,408,7LPC
1041,C,409,7LPC
1042,C,410,7LPC
1043,C,411,7LPC
1044,C,412,7LPC
1045,C,413,7LPC
1046,C,414,7LPC
1047,C,415,7LPC
1048,C,416,7LPC
1049,C,417,7LPC
1050,C,418,7LPC
1051,C,419,7LPC
1052,C,420,7LPC
1053,C,421,7LPC
1054,C,422,7LPC
1055,C,423,7LPC
1056,C,424,7LPC
1057,C,425,7LPC
1058,C,426,7LPC
1059,C,427,7LPC
1060,C,428,7LPC
1061,C,429,7LPC
1062,C,430,7LPC
1063,C,431,7LPC
1064,C,432,7LPC
1065,C,433,7LPC
1066,C,434,7LPC
1067,C,435,7LPC
1068,C,436,7LPC
1069,C,437,7LPC
1070,C,438,7LPC
1071,C,439,7LPC
1072,C,440,7LPC
1073,C,441,7LPC
1074,C,442,7LPC
1075,C,443,7LPC
1076,C,444,7LPC
1077,C,445,7LPC
1078,C,446,7LPC
1079,C,447,7LPC
1080,C,448,7LPC
1081,C,449,7LPC
1082,C,450,7LPC
1083,C,451,7LPC
1084,C,452,7LPC
1085,C,453,7LPC
1086,C,454,7LPC
1087,C,455,7LPC
1088,C,456,7LPC
1089,C,457,7LPC
1090,C,458,7LPC
1091,C,459,7LPC
1092,C,460,7LPC
1093,C,461,7LPC
1094,C,462,7LPC
1095,C,463,7LPC
1096,C,464,7LPC
1097,C,465,7LPC
1098,C,466,7LPC
1099,C,467,7LPC
1100,C,468,7LPC
1101,C,469,7LPC
1102,C,470,7LPC
1103,C,471,7LPC
1104,C,472,7LPC
1105,C,473,7LPC
1106,C,474,7LPC
1107,C,475,7LPC
1108,C,476,7LPC
1109,C,477,7LPC
1110,C,478,7LPC
1111,C,479,7LPC
1112,C,480,7LPC
1113,C,481,7LPC
1114,C,482,7LPC
1115,C,483,7LPC
1116,C,484,7LPC
1117,C,485,7LPC
1118,C,486,7LPC
1119,C,487,7LPC
1120,C,488,7LPC
1121,C,489,7LPC
1122,C,490,7LPC
1123,C,491,7LPC
1124,C,492,7LPC
1125,C,493,7LPC
1126,C,494,7LPC
1127,C,495,7LPC
1128,C,496,7LPC
1129,C,497,7LPC
1130,C,498,7LPC
1131,C,499,7LPC
1132,C,500,7LPC
1133,C,501,7LPC
1134,C,502,7LPC
1135,C,503,7LPC
1136,C,504,7LPC
1137,C,505,7LPC
1138,C,506,7LPC
1139,C,507,7LPC
1140,C,508,7LPC
1141,C,509,7LPC
1142,C,510,7LPC
1143,C,511,7LPC
1144,C,512,7LPC
1145,C,513,7LPC
1146,C,514,7LPC
1147,C,515,7LPC
1148,C,516,7LPC
1149,C,517,7LPC
1150,C,518,7LPC
1151,C,519,7LPC
1152,C,520,7LPC
1153,C,521,7LPC
1154,C,522,7LPC
1155,C,523,7LPC
1156,C,524,7LPC
1157,C,525,7LPC
1158,C,526,7LPC
1159,C,527,7LPC
1160,C,528,7LPC
1161,C,529,7LPC
1162,C,530,7LPC
1163,C,531,7LPC
1164,C,532,7LPC
1165,C,533,7LPC
1166,C,534,7LPC
1167,C,535,7LPC
1168,C,536,7LPC
1169,C,537,7LPC
1170,C,538,7LPC
1171,C,539,7LPC
1172,C,540,7LPC
1173,C,541,7LPC
1174,C,542,7LPC
1175,C,543,7LPC
1176,C,544,7LPC
1177,C,545,7LPC
1178,C,546,7LPC
1179,C,547,7LPC
1180,C,548,7LPC
1181,C,549,7LPC
1182,C,550,7LPC
1183,C,551,7LPC
1184,C,552,7LPC
1185,C,553,7LPC
1186,C,554,7LPC
1187,C,555,7LPC
1188,C,556,7LPC
1189,C,557,7LPC
1190,C,558,7LPC
1191,C,559,7LPC
1192,C,560,7LPC
1193,C,561,7LPC
1194,C,562,7LPC
1195,C,563,7LPC
1196,C,564,7LPC
1197,C,565,7LPC
1198,C,566,7LPC
1199,C,567,7LPC
1200,C,568,7LPC
1201,C,569,7LPC
1202,C,570,7LPC
1203,C,571,7LPC
1204,C,572,7LPC
1205,C,573,7LPC
1206,C,574,7LPC
1207,C,575,7LPC
1208,C,576,7LPC
1209,C,577,7LPC
1210,C,578,7LPC
1211,C,579,7LPC
1212,C,580,7LPC
1213,C,581,7LPC
1214,C,582,7LPC
1215,C,583,7LPC
1216,C,584,7LPC
1217,C,585,7LPC
1218,C,586,7LPC
1219,C,587,7LPC
1220,C,588,7LPC
1221,C,589,7LPC
1222,C,590,7LPC
1223,C,591,7LPC
1224,C,592,7LPC
1225,C,593,7LPC
1226,C,594,7LPC
1227,C,595,7LPC
1228,C,596,7LPC
1229,C,597,7LPC
1230,C,598,7LPC
1231,C,599,7LPC
1232,C,600,7LPC
1233,C,601,7LPC
1234,C,602,7LPC
1235,C,625,7LPC
1236,C,626,7LPC
1237,C,627,7LPC
1238,C,628,7LPC
1239,C,629,7LPC
1240,C,630,7LPC
1241,C,631,7LPC
1242,C,632,7LPC
1243,C,633,7LPC
1244,C,634,7LPC
1245,C,635,7LPC
1246,C,636,7LPC
1247,C,637,7LPC
1248,C,638,7LPC
1249,C,639,7LPC
1250,C,640,7LPC
1251,C,641,7LPC
1252,C,642,7LPC
1253,C,643,7LPC
1254,C,644,7LPC
1255,C,645,7LPC
1256,C,646,7LPC
1257,C,647,7LPC
1258,C,648,7LPC
1259,C,649,7LPC
1260,C,650,7LPC
1261,C,651,7LPC
1262,C,652,7LPC
1263,C,653,7LPC
1264,C,654,7LPC
1265,C,655,7LPC
1266,C,656,7LPC
1267,C,657,7LPC
1268,C,658,7LPC
1269,C,659,7LPC
1270,C,660,7LPC
1271,C,661,7LPC
1272,C,662,7LPC
1273,C,663,7LPC
1274,C,664,7LPC
1275,C,665,7LPC
1276,C,666,7LPC
1277,C,667,7LPC
1278,C,668,7LPC
1279,C,669,7LPC
1280,C,670,7LPC
1281,C,671,7LPC
1282,C,672,7LPC
1283,C,673,7LPC
1284,C,674,7LPC
1285,C,675,7LPC
1286,C,676,7LPC
1287,C,677,7LPC
1288,C,678,7LPC
1289,C,679,7LPC
1290,C,680,7LPC
1291,C,681,7LPC
1292,C,682,7LPC
1293,C,683,7LPC
1294,C,684,7LPC
1295,C,685,7LPC
1296,C,686,7LPC
1297,C,687,7LPC
1298,C,688,7LPC
1299,C,689,7LPC
1300,C,690,7LPC
1301,C,691,7LPC
1302,C,692,7LPC
1303,C,693,7LPC
1304,C,694,7LPC
1305,C,695,7LPC
1306,C,696,7LPC
1307,C,697,7LPC
1308,C,698,7LPC
1309,C,699,7LPC
1310,C,700,7LPC
1311,C,701,7LPC
1312,C,702,7LPC
1313,C,703,7LPC
1314,C,704,7LPC
1315,C,705,7LPC
1316,C,706,7LPC
1317,C,707,7LPC
1318,C,708,7LPC
1319,C,709,7LPC
1320,C,710,7LPC
1321,C,711,7LPC
1322,C,712,7LPC
1323,C,713,7LPC
1324,C,714,7LPC
1325,C,715,7LPC
1326,C,716,7LPC
1327,C,717,7LPC
1328,C,718,7LPC
1329,C,719,7LPC
1330,C,720,7LPC
1331,C,721,7LPC
1332,C,722,7LPC
1333,C,723,7LPC
1334,C,724,7LPC
1335,C,725,7LPC
1336,C,726,7LPC
1337,C,727,7LPC
1338,C,728,7LPC
1339,C,729,7LPC
1340,C,730,7LPC
1341,C,731,7LPC
1342,C,732,7LPC
1343,C,733,7LPC
1344,C,734,7LPC
1345,C,735,7LPC
1346,C,736,7LPC
1347,C,737,7LPC
1348,C,738,7LPC
1349,C,739,7LPC
1350,C,740,7LPC
1351,C,741,7LPC
1352,C,742,7LPC
1353,C,743,7LPC
1354,C,744,7LPC
1355,C,745,7LPC
1356,C,746,7LPC
1357,C,747,7LPC
1358,C,748,7LPC
1359,C,749,7LPC
1360,C,750,7LPC
1361,C,751,7LPC
1362,C,752,7LPC
1363,D,277,7LPC
1364,D,278,7LPC
1365,D,279,7LPC
1366,D,280,7LPC
1367,D,281,7LPC
1368,D,282,7LPC
1369,D,283,7LPC
1370,D,284,7LPC
1371,D,285,7LPC
1372,D,286,7LPC
1373,D,287,7LPC
1374,D,288,7LPC
1375,D,289,7LPC
1376,D,290,7LPC
1377,D,291,7LPC
1378,D,292,7LPC
1379,D,293,7LPC
1380,D,294,7LPC
1381,D,295,7LPC
1382,D,296,7LPC
1383,D,297,7LPC
1384,D,298,7LPC
1385,D,299,7LPC
1386,D,300,7LPC
1387,D,301,7LPC
1388,D,302,7LPC
1389,D,303,7LPC
1390,D,304,7LPC
1391,D,305,7LPC
1392,D,306,7LPC
1393,D,307,7LPC
1394,D,308,7LPC
1395,D,309,7LPC
1396,D,310,7LPC
1397,D,311,7LPC
1398,D,312,7LPC
1399,D,313,7LPC
1400,D,314,7LPC
1401,D,315,7LPC
1402,D,316,7LPC
1403,D,317,7LPC
1404,D,318,7LPC
1405,D,319,7LPC
1406,D,320,7LPC
1407,D,321,7LPC
1408,D,322,7LPC
1409,D,323,7LPC
1410,D,324,7LPC
1411,D,325,7LPC
1412,D,326,7LPC
1413,D,327,7LPC
1414,D,328,7LPC
1415,D,329,7LPC
1416,D,330,7LPC
1417,D,331,7LPC
1418,D,332,7LPC
1419,D,333,7LPC
1420,D,334,7LPC
1421,D,335,7LPC
1422,D,336,7LPC
1423,D,337,7LPC
1424,D,338,7LPC
1425,D,339,7LPC
1426,D,340,7LPC
1427,D,341,7LPC
1428,D,342,7LPC
1429,D,343,7LPC
1430,D,344,7LPC
1431,D,345,7LPC
1432,D,346,7LPC
1433,D,347,7LPC
1434,D,348,7LPC
1435,D,349,7LPC
1436,D,350,7LPC
1437,D,351,7LPC
1438,D,352,7LPC
1439,D,353,7LPC
1440,D,354,7LPC
1441,D,355,7LPC
1442,D,356,7LPC
1443,D,357,7LPC
1444,D,358,7LPC
1445,D,359,7LPC
1446,D,360,7LPC
1447,D,361,7LPC
1448,D,362,7LPC
1449,D,363,7LPC
1450,D,364,7LPC
1451,D,365,7LPC
1452,D,366,7LPC
1453,D,367,7LPC
1454,D,368,7LPC
1455,D,369,7LPC
1456,D,370,7LPC
1457,D,371,7LPC
1458,D,372,7LPC
1459,D,373,7LPC
1460,D,374,7LPC
1461,D,375,7LPC
1462,D,376,7LPC
1463,D,377,7LPC
1464,D,378,7LPC
1465,D,379,7LPC
1466,D,380,7LPC
1467,D,381,7LPC
1468,D,382,7LPC
1469,D,383,7LPC
1470,D,384,7LPC
1471,D,385,7LPC
1472,D,386,7LPC
1473,D,387,7LPC
1474,D,388,7LPC
1475,D,389,7LPC
1476,D,390,7LPC
1477,D,391,7LPC
1478,D,392,7LPC
1479,D,393,7LPC
1480,D,394,7LPC
1481,D,395,7LPC
1482,D,396,7LPC
1483,D,397,7LPC
1484,D,398,7LPC
1485,D,399,7LPC
1486,D,400,7LPC
1487,D,401,7LPC
1488,D,402,7LPC
1489,D,403,7LPC
1490,D,404,7LPC
1491,D,405,7LPC
1492,D,406,7LPC
1493,D,407,7LPC
1494,D,408,7LPC
1495,D,409,7LPC
1496,D,410,7LPC
1497,D,411,7LPC
1498,D,412,7LPC
1499,D,413,7LPC
1500,D,414,7LPC
1501,D,415,7LPC
1502,D,416,7LPC
1503,D,417,7LPC
1504,D,418,7LPC
1505,D,419,7LPC
1506,D,420,7LPC
1507,D,421,7LPC
1508,D,422,7LPC
1509,D,423,7LPC
1510,D,424,7LPC
1511,D,425,7LPC
1512,D,426,7LPC
1513,D,427,7LPC
1514,D,428,7LPC
1515,D,429,7LPC
1516,D,430,7LPC
1517,D,431,7LPC
1518,D,432,7LPC
1519,D,433,7LPC
1520,D,434,7LPC
1521,D,435,7LPC
1522,D,436,7LPC
1523,D,437,7LPC
1524,D,438,7LPC
1525,D,439,7LPC
1526,D,440,7LPC
1527,D,441,7LPC
1528,D,442,7LPC
1529,D,443,7LPC
1530,D,444,7LPC
1531,D,445,7LPC
1532,D,446,7LPC
1533,D,447,7LPC
1534,D,448,7LPC
1535,D,449,7LPC
1536,D,450,7LPC
1537,D,451,7LPC
1538,D,452,7LPC
1539,D,453,7LPC
1540,D,454,7LPC
1541,D,455,7LPC
1542,D,456,7LPC
1543,D,457,7LPC
1544,D,458,7LPC
1545,D,459,7LPC
1546,D,460,7LPC
1547,D,461,7LPC
1548,D,462,7LPC
1549,D,463,7LPC
1550,D,464,7LPC
1551,D,465,7LPC
1552,D,466,7LPC
1553,D,467,7LPC
1554,D,468,7LPC
1555,D,469,7LPC
1556,D,470,7LPC
1557,D,471,7LPC
1558,D,472,7LPC
1559,D,473,7LPC
1560,D,474,7LPC
1561,D,475,7LPC
1562,D,476,7LPC
1563,D,477,7LPC
1564,D,478,7LPC
1565,D,479,7LPC
1566,D,480,7LPC
1567,D,481,7LPC
1568,D,482,7LPC
1569,D,483,7LPC
1570,D,484,7LPC
1571,D,485,7LPC
1572,D,486,7LPC
1573,D,487,7LPC
1574,D,488,7LPC
1575,D,489,7LPC
1576,D,490,7LPC
1577,D,491,7LPC
1578,D,492,7LPC
1579,D,493,7LPC
1580,D,494,7LPC
1581,D,495,7LPC
1582,D,496,7LPC
1583,D,497,7LPC
1584,D,498,7LPC
1585,D,499,7LPC
1586,D,500,7LPC
1587,D,501,7LPC
1588,D,502,7LPC
1589,D,503,7LPC
1590,D,504,7LPC
1591,D,505,7LPC
1592,D,506,7LPC
1593,D,507,7LPC
1594,D,508,7LPC
1595,D,509,7LPC
1596,D,510,7LPC
1597,D,511,7LPC
1598,D,512,7LPC
1599,D,513,7LPC
1600,D,514,7LPC
1601,D,515,7LPC
1602,D,516,7LPC
1603,D,517,7LPC
1604,D,518,7LPC
1605,D,519,7LPC
1606,D,520,7LPC
1607,D,521,7LPC
1608,D,522,7LPC
1609,D,523,7LPC
1610,D,524,7LPC
1611,D,525,7LPC
1612,D,526,7LPC
1613,D,527,7LPC
1614,D,528,7LPC
1615,D,529,7LPC
1616,D,530,7LPC
1617,D,531,7LPC
1618,D,532,7LPC
1619,D,533,7LPC
1620,D,534,7LPC
1621,D,535,7LPC
1622,D,536,7LPC
1623,D,537,7LPC
1624,D,538,7LPC
1625,D,539,7LPC
1626,D,540,7LPC
1627,D,541,7LPC
1628,D,542,7LPC
1629,D,543,7LPC
1630,D,544,7LPC
1631,D,545,7LPC
1632,D,546,7LPC
1633,D,547,7LPC
1634,D,548,7LPC
1635,D,549,7LPC
1636,D,550,7LPC
1637,D,551,7LPC
1638,D,552,7LPC
1639,D,553,7LPC
1640,D,554,7LPC
1641,D,555,7LPC
1642,D,556,7LPC
1643,D,557,7LPC
1644,D,558,7LPC
1645,D,559,7LPC
1646,D,560,7LPC
1647,D,561,7LPC
1648,D,562,7LPC
1649,D,563,7LPC
1650,D,564,7LPC
1651,D,565,7LPC
1652,D,566,7LPC
1653,D,567,7LPC
1654,D,568,7LPC
1655,D,569,7LPC
1656,D,570,7LPC
1657,D,571,7LPC
1658,D,572,7LPC
1659,D,573,7LPC
1660,D,574,7LPC
1661,D,575,7LPC
1662,D,576,7LPC
1663,D,577,7LPC
1664,D,578,7LPC
1665,D,579,7LPC
1666,D,580,7LPC
1667,D,581,7LPC
1668,D,582,7LPC
1669,D,583,7LPC
1670,D,584,7LPC
1671,D,585,7LPC
1672,D,586,7LPC
1673,D,587,7LPC
1674,D,588,7LPC
1675,D,589,7LPC
1676,D,590,7LPC
1677,D,591,7LPC
1678,D,592,7LPC
1679,D,593,7LPC
1680,D,594,7LPC
1681,D,595,7LPC
1682,D,596,7LPC
1683,D,597,7LPC
1684,D,598,7LPC
1685,D,599,7LPC
1686,D,600,7LPC
1687,D,601,7LPC
1688,D,602,7LPC
1689,D,625,7LPC
1690,D,626,7LPC
1691,D,627,7LPC
1692,D,628,7LPC
1693,D,629,7LPC
1694,D,630,7LPC
1695,D,631,7LPC
1696,D,632,7LPC
1697,D,633,7LPC
1698,D,634,7LPC
1699,D,635,7LPC
1700,D,636,7LPC
1701,D,637,7LPC
1702,D,638,7LPC
1703,D,639,7LPC
1704,D,640,7LPC
1705,D,641,7LPC
1706,D,642,7LPC
1707,D,643,7LPC
1708,D,644,7LPC
1709,D,645,7LPC
1710,D,646,7LPC
1711,D,647,7LPC
1712,D,648,7LPC
1713,D,649,7LPC
1714,D,650,7LPC
1715,D,651,7LPC
1716,D,652,7LPC
1717,D,653,7LPC
1718,D,654,7LPC
1719,D,655,7LPC
1720,D,656,7LPC
1721,D,657,7LPC
1722,D,658,7LPC
1723,D,659,7LPC
1724,D,660,7LPC
1725,D,661,7LPC
1726,D,662,7LPC
1727,D,663,7LPC
1728,D,664,7LPC
1729,D,665,7LPC
1730,D,666,7LPC
1731,D,667,7LPC
1732,D,668,7LPC
1733,D,669,7LPC
1734,D,670,7LPC
1735,D,671,7LPC
1736,D,672,7LPC
1737,D,673,7LPC
1738,D,674,7LPC
1739,D,675,7LPC
1740,D,676,7LPC
1741,D,677,7LPC
1742,D,678,7LPC
1743,D,679,7LPC
1744,D,680,7LPC
1745,D,681,7LPC
1746,D,682,7LPC
1747,D,683,7LPC
1748,D,684,7LPC
1749,D,685,7LPC
1750,D,686,7LPC
1751,D,687,7LPC
1752,D,688,7LPC
1753,D,689,7LPC
1754,D,690,7LPC
1755,D,691,7LPC
1756,D,692,7LPC
1757,D,693,7LPC
1758,D,694,7LPC
1759,D,695,7LPC
1760,D,696,7LPC
1761,D,697,7LPC
1762,D,698,7LPC
1763,D,699,7LPC
1764,D,700,7LPC
1765,D,701,7LPC
1766,D,702,7LPC
1767,D,703,7LPC
1768,D,704,7LPC
1769,D,705,7LPC
1770,D,706,7LPC
1771,D,707,7LPC
1772,D,708,7LPC
1773,D,709,7LPC
1774,D,710,7LPC
1775,D,711,7LPC
1776,D,712,7LPC
1777,D,713,7LPC
1778,D,714,7LPC
1779,D,715,7LPC
1780,D,716,7LPC
1781,D,717,7LPC
1782,D,718,7LPC
1783,D,719,7LPC
1784,D,720,7LPC
1785,D,721,7LPC
1786,D,722,7LPC
1787,D,723,7LPC
1788,D,724,7LPC
1789,D,725,7LPC
1790,D,726,7LPC
1791,D,727,7LPC
1792,D,728,7LPC
1793,D,729,7LPC
1794,D,730,7LPC
1795,D,731,7LPC
1796,D,732,7LPC
1797,D,733,7LPC
1798,D,734,7LPC
1799,D,735,7LPC
1800,D,736,7LPC
1801,D,737,7LPC
1802,D,738,7LPC
1803,D,739,7LPC
1804,D,740,7LPC
1805,D,741,7LPC
1806,D,742,7LPC
1807,D,743,7LPC
1808,D,744,7LPC
1809,D,745,7LPC
1810,D,746,7LPC
1811,D,747,7LPC
1812,D,748,7LPC
1813,D,749,7LPC
1814,D,750,7LPC
1815,D,751,7LPC
1816,D,752,7LPC
